"Site","Year","Transect","Latitude","Longitude","Rugosity","LF.Abund.ha","Abudefduf.saxatilis","Acanthurus.bahianus","Acanthurus.chirurgus","Acanthurus.coeruleus","Amblycirrhitus.pinos","Bodianus.rufus","Canthigaster.rostrata","Cephalopholis.cruentata","Chromis.cyanea","Chromis.enchrysura","Chromis.insolata","Chromis.multilineata","Clepticus.parrae","Gramma.loreto","Haemulon.aurolineatum","Haemulon.flavolineatum","Halichoeres.bivittatus","Halichoeres.garnoti","Halichoeres.maculipinna","Holocentrus.rufus","Hypoplectrus.puella","Ocyurus.chrysurus","Pseudupeneus.maculatus","Scarus.iserti","Scarus.taeniopterus","Serranus.tigrinus","Sparisoma.atomarium","Sparisoma.aurofrenatum","Sparisoma.viride","Stegastes.leucostictus","Stegastes.partitus","Stegastes.variabilis","Thalassoma.bifasciatum","Area","Tot.Abund","Rich","Pomacentridae","Labridae","Scaridae"
"AL",2009,1,17.1966,-88.05115,2,0,0,0,0,0,0,0,0,0,0,0,0,0,0,0,0,0,0,0,0,0,0,0,0,8,0,0,0,1,0,0,1,0,0,60,10,3,1,0,9
"AL",2009,2,17.1966,-88.05115,2,0,0,0,0,0,0,0,0,0,1,0,0,0,0,0,0,0,0,0,0,0,0,0,0,3,0,1,0,0,0,0,1,0,2,60,8,5,2,2,3
"AL",2009,3,17.1966,-88.05115,2,0,0,0,0,0,0,0,0,0,0,0,0,0,0,0,0,0,0,0,0,0,0,0,0,3,0,0,0,2,0,0,2,0,0,60,7,3,2,0,5
"AL",2009,4,17.1966,-88.05115,2,0,0,0,0,0,0,0,0,0,0,0,0,0,0,0,0,0,0,0,0,0,0,0,0,1,0,0,0,2,0,0,1,0,0,60,4,3,1,0,3
"AL",2009,5,17.1966,-88.05115,2,0,0,0,0,0,0,0,0,0,0,0,0,0,0,0,0,0,0,0,0,0,0,0,0,2,0,0,0,1,0,0,0,0,1,60,4,3,0,1,3
"AL",2009,6,17.1966,-88.05115,2,0,0,0,0,0,0,0,0,0,0,0,0,0,0,0,0,0,0,0,0,0,0,0,0,0,0,0,0,0,0,0,0,0,0,60,0,0,0,0,0
"AL",2009,7,17.1966,-88.05115,2,0,0,0,0,0,0,0,2,0,0,0,0,0,60,0,0,0,0,1,0,0,0,0,0,0,0,0,0,2,1,0,0,0,1,60,67,6,0,62,3
"AL",2009,8,17.1966,-88.05115,2,0,0,0,0,0,0,0,0,0,0,0,0,0,0,0,0,0,0,0,0,0,0,0,0,0,0,0,0,0,0,0,0,0,0,60,0,0,0,0,0
"AL",2010,1,17.1966,-88.05115,2,0,0,0,0,0,0,0,0,0,8,0,0,0,0,0,0,0,0,0,0,0,0,0,0,46,0,0,0,11,3,0,16,0,0,60,84,5,24,0,60
"AL",2010,2,17.1966,-88.05115,2,0,0,0,0,0,0,0,0,0,3,0,0,0,0,0,0,0,0,0,0,0,0,0,0,1,0,0,0,0,0,0,6,0,0,60,10,3,9,0,1
"AL",2010,3,17.1966,-88.05115,2,0,0,0,0,0,0,0,0,0,3,0,0,0,0,6,0,0,0,0,0,0,0,0,0,13,0,0,0,0,0,0,6,0,21,60,49,5,9,21,13
"AL",2012,1,17.1966,-88.05115,2,20,0,3,0,0,0,0,0,0,0,0,0,0,0,0,0,0,0,1,0,0,0,0,0,5,0,0,0,5,1,0,1,0,2,60,18,7,1,3,11
"AL",2012,2,17.1966,-88.05115,2,0,0,1,0,0,0,0,0,0,6,0,0,0,100,0,0,0,0,0,0,0,0,0,0,14,0,0,0,0,0,0,0,0,12,60,133,5,6,112,14
"AL",2012,3,17.1966,-88.05115,2,0,0,0,0,0,0,0,0,0,0,0,0,0,80,0,0,0,0,5,0,0,0,0,0,17,0,2,10,6,0,0,5,0,0,60,125,7,5,85,33
"AL",2012,4,17.1966,-88.05115,2,20,0,0,0,0,0,0,0,0,2,0,0,0,0,0,0,0,0,5,0,0,0,0,0,0,3,1,0,2,8,0,1,0,0,60,22,7,3,5,13
"AL",2012,5,17.1966,-88.05115,2,0,0,0,0,0,0,0,0,0,2,0,0,0,0,0,0,0,0,4,0,0,0,0,0,5,3,0,0,3,1,0,0,0,0,60,18,6,2,4,12
"AL",2012,6,17.1966,-88.05115,2,0,0,0,0,0,0,0,0,0,1,0,0,0,0,0,0,0,0,7,0,0,0,0,0,6,1,0,0,5,1,0,1,0,0,60,22,7,2,7,13
"AL",2013,1,17.1966,-88.05115,2,0,0,0,0,0,0,0,0,0,5,0,0,0,12,0,0,0,0,2,0,0,0,0,0,6,5,0,0,0,0,0,12,0,3,60,45,7,17,17,11
"AL",2013,2,17.1966,-88.05115,2,0,0,0,0,0,0,0,0,0,6,0,0,0,30,0,0,0,0,3,0,0,0,0,0,9,0,0,9,0,0,0,3,0,0,60,60,6,9,33,18
"AL",2013,3,17.1966,-88.05115,2,0,0,0,0,0,0,0,0,0,7,0,0,0,0,0,0,0,0,10,0,0,0,0,0,15,0,1,2,2,0,0,7,0,5,60,49,8,14,15,19
"AL",2013,4,17.1966,-88.05115,2,0,0,0,0,0,0,3,0,0,0,0,0,0,0,0,0,0,0,3,0,0,0,0,0,5,0,0,0,2,0,0,0,1,4,60,18,6,1,10,7
"AL",2013,5,17.1966,-88.05115,2,0,0,0,0,0,0,0,0,0,0,0,0,0,0,0,0,0,0,9,0,0,0,0,0,6,3,1,1,1,0,0,8,0,3,60,32,8,8,12,11
"AL",2013,6,17.1966,-88.05115,2,0,0,0,0,0,0,0,0,0,4,0,0,0,0,0,0,0,0,6,0,0,0,0,0,7,0,0,3,1,1,0,0,2,5,60,29,8,6,11,12
"BC",2009,1,18.16282,-87.82222,2.92,0,0,0,0,0,0,0,0,0,0,0,0,0,0,0,0,0,0,0,0,0,0,0,0,0,0,0,0,0,0,0,3,0,2,60,5,2,3,2,0
"BC",2009,2,18.16282,-87.82222,2.92,0,0,0,0,0,0,0,0,0,0,0,0,0,0,0,0,0,0,0,0,0,0,0,0,0,0,0,0,0,0,0,2,0,1,60,3,2,2,1,0
"BC",2009,3,18.16282,-87.82222,2.92,0,0,0,0,0,0,0,2,0,3,0,0,0,0,0,0,0,0,0,0,0,0,0,0,2,0,0,0,1,0,0,0,0,1,60,9,5,3,1,3
"BC",2009,4,18.16282,-87.82222,2.92,0,0,0,0,0,0,0,0,0,1,0,0,0,0,0,0,0,0,0,0,0,0,0,0,2,2,0,0,2,0,0,2,0,0,60,9,5,3,0,6
"BC",2009,5,18.16282,-87.82222,2.92,0,0,0,0,0,0,0,0,0,0,0,0,0,0,0,0,0,0,0,0,0,0,0,1,3,0,0,0,0,1,0,1,0,0,60,6,4,1,0,4
"BC",2009,6,18.16282,-87.82222,2.92,0,0,0,0,0,0,0,0,0,0,0,0,0,0,0,0,0,0,0,0,0,0,0,0,0,0,0,0,0,0,0,0,0,0,60,0,0,0,0,0
"BC",2009,7,18.16282,-87.82222,2.92,0,0,0,0,0,0,0,0,0,0,0,0,0,0,0,0,0,0,0,0,0,0,0,0,0,0,0,0,0,0,0,0,0,0,60,0,0,0,0,0
"BC",2009,8,18.16282,-87.82222,2.92,0,0,0,0,0,0,0,0,0,0,0,0,0,0,0,0,0,0,0,0,0,0,0,0,0,0,0,0,0,0,0,0,0,1,60,1,1,0,1,0
"BC",2012,1,18.16282,-87.82222,2.92,20,0,0,0,6,0,0,0,0,2,0,0,0,0,0,0,0,0,3,0,0,0,0,0,4,0,0,0,0,0,0,1,0,0,60,16,5,3,3,4
"BC",2012,2,18.16282,-87.82222,2.92,20,0,0,0,0,0,0,0,0,6,0,0,0,0,0,0,0,0,3,0,0,0,0,0,7,0,0,0,2,3,0,0,0,0,60,21,5,6,3,12
"BC",2012,3,18.16282,-87.82222,2.92,40,0,1,0,2,0,0,0,0,2,0,0,0,0,0,0,0,0,0,0,0,0,0,0,3,0,0,0,1,2,0,3,0,1,60,15,8,5,1,6
"BC",2012,4,18.16282,-87.82222,2.92,0,0,0,0,0,0,0,0,0,2,0,0,0,0,0,0,0,0,2,0,0,0,0,0,7,1,1,0,3,0,0,1,0,0,60,17,7,3,2,11
"BC",2012,5,18.16282,-87.82222,2.92,20,0,1,0,0,0,0,0,0,1,0,0,0,0,0,0,0,0,6,0,0,0,0,0,15,0,0,0,11,0,0,0,0,3,60,37,6,1,9,26
"BC",2012,6,18.16282,-87.82222,2.92,0,0,0,0,4,0,0,0,0,0,0,0,0,0,0,0,0,0,4,0,0,0,0,1,15,8,0,0,1,0,0,0,0,4,60,37,7,0,8,24
"BC",2013,1,18.16282,-87.82222,2.92,0,0,1,0,0,0,0,0,0,6,0,0,0,13,0,0,0,0,0,0,0,0,0,0,3,0,0,0,1,0,0,6,0,1,60,31,7,12,14,4
"BC",2013,2,18.16282,-87.82222,2.92,0,0,1,0,0,0,0,0,0,0,0,0,0,2,2,0,0,0,2,0,0,0,0,0,5,0,0,0,1,0,0,0,0,0,60,13,6,0,4,6
"BC",2013,3,18.16282,-87.82222,2.92,0,0,0,1,1,0,0,0,0,10,0,0,0,5,0,0,0,0,3,0,0,0,0,0,4,0,0,0,4,0,0,6,0,1,60,35,9,16,9,8
"BC",2013,4,18.16282,-87.82222,2.92,0,0,0,0,1,0,0,0,0,12,0,0,0,0,0,0,0,0,0,0,0,0,0,0,0,0,0,0,0,0,0,0,0,2,60,15,3,12,2,0
"BC",2013,5,18.16282,-87.82222,2.92,40,0,1,0,0,0,0,0,0,6,1,0,0,4,0,0,0,0,11,0,0,0,0,0,3,2,0,0,1,1,0,0,0,3,60,33,10,7,18,7
"BC",2013,6,18.16282,-87.82222,2.92,20,0,0,0,1,0,0,0,0,0,0,0,0,0,0,0,0,0,0,0,0,0,0,0,1,0,0,0,0,0,0,0,0,2,60,4,3,0,2,1
"CA",2009,1,17.26147,-87.8197,2.42,0,0,0,0,0,0,0,1,0,5,0,0,0,0,0,0,1,0,0,0,0,0,0,0,2,0,0,0,0,0,0,0,0,0,60,9,4,5,0,2
"CA",2009,2,17.26147,-87.8197,2.42,0,0,0,0,1,0,0,0,0,4,0,0,0,0,0,0,1,0,0,0,0,0,0,0,0,0,0,0,0,0,0,0,0,0,60,6,3,4,0,0
"CA",2009,3,17.26147,-87.8197,2.42,0,0,0,0,1,0,0,0,0,3,0,0,0,0,0,0,0,0,0,0,0,2,0,0,6,0,0,0,8,0,0,0,0,3,60,23,6,3,3,14
"CA",2009,4,17.26147,-87.8197,2.42,0,0,0,0,4,0,0,0,0,9,0,0,0,0,0,0,1,0,0,0,0,1,0,0,2,0,0,0,3,0,0,0,0,2,60,22,7,9,2,5
"CA",2009,5,17.26147,-87.8197,2.42,0,0,0,0,3,0,0,0,1,3,0,0,0,0,0,0,0,0,0,0,0,0,0,0,11,0,0,0,2,0,0,1,0,2,60,23,7,4,2,13
"CA",2009,6,17.26147,-87.8197,2.42,0,0,0,1,1,0,0,0,0,5,0,0,0,0,0,0,0,0,1,0,0,0,0,0,3,0,0,0,0,0,0,0,0,1,60,12,6,5,2,3
"CA",2009,7,17.26147,-87.8197,2.42,0,0,0,0,0,0,0,0,0,4,0,0,0,0,0,0,0,0,6,0,0,0,0,0,5,0,0,0,0,0,0,0,0,2,60,17,4,4,8,5
"CA",2009,8,17.26147,-87.8197,2.42,0,0,0,0,0,0,0,0,0,10,0,0,0,0,0,0,0,0,0,0,0,1,0,0,0,0,0,0,0,0,0,0,0,0,60,11,2,10,0,0
"CA",2010,1,17.26147,-87.8197,2.42,20,0,6,0,0,0,0,0,1,0,0,0,0,0,3,0,0,1,3,0,0,0,0,0,4,1,0,0,0,0,0,5,0,2,60,26,9,5,6,5
"CA",2010,2,17.26147,-87.8197,2.42,0,0,6,2,6,0,0,2,2,2,0,0,0,0,0,0,0,0,3,0,0,0,0,0,14,0,0,0,0,0,2,7,0,17,60,63,11,11,20,14
"CA",2010,3,17.26147,-87.8197,2.42,0,0,5,0,0,0,0,0,0,9,0,0,0,0,5,0,0,0,0,0,0,0,0,0,12,0,2,0,5,0,0,7,0,7,60,52,8,16,7,17
"CA",2012,1,17.26147,-87.8197,2.42,40,0,0,0,6,0,0,0,0,7,0,0,0,0,0,0,0,0,1,0,0,0,0,0,4,0,0,0,2,0,0,0,0,0,60,20,5,7,1,6
"CA",2012,2,17.26147,-87.8197,2.42,0,0,0,0,0,0,0,0,0,8,0,0,0,0,0,0,3,0,2,0,0,0,0,0,26,0,0,0,0,0,0,5,0,28,60,72,6,13,30,26
"CA",2012,3,17.26147,-87.8197,2.42,0,0,1,0,0,0,0,0,0,0,0,0,0,0,0,0,0,0,1,0,0,0,0,0,25,0,1,0,0,0,0,4,0,7,60,39,6,4,8,25
"CA",2012,4,17.26147,-87.8197,2.42,0,0,0,0,0,0,0,0,0,7,0,0,0,0,0,0,0,0,7,0,0,0,0,0,14,14,0,0,5,3,0,1,0,7,60,58,8,8,14,36
"CA",2012,5,17.26147,-87.8197,2.42,0,0,0,0,0,0,0,0,0,3,0,0,0,0,0,0,17,0,4,0,0,0,0,0,6,9,0,0,2,0,0,0,0,1,60,42,7,3,5,17
"CA",2012,6,17.26147,-87.8197,2.42,20,0,0,0,3,0,0,0,0,6,0,0,0,0,0,0,10,0,0,0,0,0,0,0,0,7,2,0,2,0,0,0,0,5,60,35,7,6,5,9
"CA",2013,1,17.26147,-87.8197,2.42,40,0,0,0,0,0,0,0,0,6,0,0,0,0,3,0,0,0,7,0,0,0,0,0,3,2,1,0,1,0,0,5,0,4,60,32,9,11,11,6
"CA",2013,2,17.26147,-87.8197,2.42,20,0,0,0,0,0,0,0,0,2,0,0,0,0,0,0,0,0,5,0,0,0,0,0,6,0,1,0,0,0,0,3,0,4,60,21,6,5,9,6
"CA",2013,3,17.26147,-87.8197,2.42,20,0,0,0,0,0,0,0,0,15,0,0,0,0,2,0,0,0,9,0,0,0,0,0,7,5,0,0,0,0,0,10,0,4,60,52,7,25,13,12
"CA",2013,4,17.26147,-87.8197,2.42,80,0,0,0,3,0,0,0,0,4,0,0,0,0,0,0,3,0,3,0,0,0,0,0,5,0,0,0,0,0,0,0,0,5,60,23,6,4,8,5
"CA",2013,5,17.26147,-87.8197,2.42,20,0,0,0,0,0,0,2,0,7,0,0,0,0,11,0,0,0,9,0,0,0,0,0,8,1,1,2,0,0,0,13,0,6,60,60,10,20,15,11
"CA",2013,6,17.26147,-87.8197,2.42,20,0,3,0,0,0,0,0,0,5,0,0,0,0,2,0,1,0,0,0,0,0,0,0,0,0,0,0,0,0,0,0,0,0,60,11,4,5,0,0
"GA",2009,1,17.49592,-88.04255,3.5,0,0,0,0,0,0,0,0,0,0,0,0,0,0,0,0,1,0,0,0,0,0,0,0,0,0,0,0,0,1,0,6,0,1,60,9,4,6,1,1
"GA",2009,2,17.49592,-88.04255,3.5,0,0,0,0,0,0,0,2,0,0,0,0,0,0,0,0,0,0,0,0,0,0,0,0,2,0,0,0,0,0,0,5,0,3,60,12,4,5,3,2
"GA",2009,3,17.49592,-88.04255,3.5,0,0,0,0,0,0,0,2,0,6,0,0,0,0,0,0,0,0,0,0,0,0,0,0,0,0,0,0,0,0,0,3,0,2,60,13,4,9,2,0
"GA",2009,4,17.49592,-88.04255,3.5,0,0,0,0,0,0,0,0,0,1,0,0,0,0,0,0,0,0,0,0,0,0,0,0,0,0,0,0,0,0,0,11,0,1,60,13,3,12,1,0
"GA",2009,5,17.49592,-88.04255,3.5,0,0,0,0,0,0,0,0,0,0,0,0,0,0,0,0,0,0,0,0,0,0,0,0,0,0,0,0,0,1,0,0,0,0,60,1,1,0,0,1
"GA",2009,6,17.49592,-88.04255,3.5,0,0,0,0,0,0,0,0,0,1,0,0,0,0,0,0,0,0,0,0,0,0,0,0,2,0,0,0,0,0,0,0,0,0,60,3,2,1,0,2
"GA",2010,1,17.49592,-88.04255,3.5,0,0,0,0,0,0,0,0,0,3,0,0,0,0,3,0,0,0,2,0,0,0,0,0,9,0,0,0,0,0,0,27,0,0,60,44,5,30,2,9
"GA",2010,2,17.49592,-88.04255,3.5,0,0,0,0,0,0,0,0,0,7,0,0,0,0,0,0,0,0,1,0,0,0,0,0,13,0,0,0,4,3,0,11,0,2,60,41,7,18,3,20
"GA",2010,3,17.49592,-88.04255,3.5,0,0,0,0,0,0,0,0,0,7,0,0,2,0,0,0,0,0,2,0,0,0,0,0,2,0,0,0,1,0,0,19,0,15,60,48,7,28,17,3
"GA",2012,1,17.49592,-88.04255,3.5,100,0,2,0,0,0,0,0,0,3,0,0,0,0,0,0,0,0,1,0,0,0,0,0,0,0,0,0,0,0,0,2,0,4,60,12,5,5,5,0
"GA",2012,2,17.49592,-88.04255,3.5,20,0,0,0,0,0,0,2,0,0,0,0,0,0,0,0,0,0,2,0,0,0,0,0,9,0,0,0,2,0,0,0,0,3,60,18,5,0,5,11
"GA",2012,3,17.49592,-88.04255,3.5,40,5,0,0,0,0,0,0,0,5,0,0,0,0,0,0,0,0,0,0,0,2,0,0,5,0,0,3,1,0,0,6,0,0,60,27,7,16,0,9
"GA",2012,4,17.49592,-88.04255,3.5,0,0,0,0,0,0,0,0,0,3,0,0,0,0,0,0,0,0,2,0,0,0,0,0,5,0,0,0,5,2,0,1,0,3,60,21,7,4,5,12
"GA",2012,5,17.49592,-88.04255,3.5,60,0,0,0,0,0,0,0,0,2,0,0,0,5,0,0,0,0,0,0,0,0,0,0,10,2,0,0,2,2,0,0,0,7,60,30,7,2,12,16
"GA",2012,6,17.49592,-88.04255,3.5,0,0,0,0,0,0,0,1,0,7,0,0,0,0,0,0,0,0,3,0,0,0,0,0,11,1,0,0,3,1,0,0,0,1,60,28,8,7,4,16
"GA",2013,1,17.49592,-88.04255,3.5,0,0,0,0,0,0,0,2,0,0,0,0,0,0,1,0,0,0,7,0,0,0,0,0,7,1,0,0,3,2,0,15,0,12,60,50,9,15,19,13
"GA",2013,2,17.49592,-88.04255,3.5,0,0,0,0,0,1,0,0,0,0,0,0,0,0,0,0,0,0,0,0,0,0,0,0,8,0,0,4,0,0,0,0,1,5,60,19,5,1,5,12
"GA",2013,3,17.49592,-88.04255,3.5,0,0,0,0,0,0,0,0,0,0,0,0,0,0,1,0,0,0,3,0,0,0,0,0,5,0,0,1,1,1,0,11,0,15,60,38,8,11,18,8
"GA",2013,4,17.49592,-88.04255,3.5,0,1,0,0,0,0,0,0,0,3,0,0,0,0,0,0,0,0,0,0,0,0,0,0,8,0,0,3,2,0,1,0,0,2,60,20,7,5,2,13
"GA",2013,5,17.49592,-88.04255,3.5,0,0,0,0,0,0,0,0,0,7,0,0,0,0,0,0,0,0,8,0,0,0,0,1,3,2,4,2,1,1,0,16,0,1,60,46,11,23,9,9
"GA",2013,6,17.49592,-88.04255,3.5,0,0,0,0,0,0,0,0,0,0,0,0,0,0,0,0,0,0,0,0,0,0,0,0,0,0,0,0,0,1,0,0,0,0,60,1,1,0,0,1
"HC",2009,1,17.86343,-87.97238,2,0,0,0,0,0,0,0,0,0,3,0,0,0,0,0,0,0,0,0,0,0,0,0,0,7,0,0,0,0,0,0,0,0,1,60,11,3,3,1,7
"HC",2009,2,17.86343,-87.97238,2,0,0,0,0,0,0,0,0,0,19,0,0,0,0,0,0,0,0,0,0,0,0,0,0,1,0,0,0,1,0,0,1,0,0,60,22,4,20,0,2
"HC",2009,3,17.86343,-87.97238,2,0,0,0,0,0,0,0,1,0,3,0,0,0,0,0,0,0,0,0,0,0,0,0,0,0,0,0,0,2,0,0,7,0,0,60,13,4,10,0,2
"HC",2009,4,17.86343,-87.97238,2,0,0,0,0,0,0,0,0,0,6,0,0,0,0,0,0,0,0,0,0,0,0,0,0,0,0,0,0,0,0,0,5,0,1,60,12,3,11,1,0
"HC",2009,5,17.86343,-87.97238,2,0,0,0,0,0,0,0,0,0,5,0,0,0,0,0,0,0,0,0,0,0,0,0,0,0,0,0,0,0,0,0,0,0,0,60,5,1,5,0,0
"HC",2009,6,17.86343,-87.97238,2,0,0,0,0,0,0,0,0,0,0,0,0,0,0,0,0,0,0,0,0,0,0,0,0,0,0,0,0,0,0,0,0,0,0,60,0,0,0,0,0
"HC",2010,1,17.86343,-87.97238,2,0,0,0,0,0,0,0,0,0,2,0,0,0,0,0,0,0,0,4,0,0,0,0,0,2,0,1,0,0,0,0,6,0,13,60,28,6,8,17,2
"HC",2010,2,17.86343,-87.97238,2,0,0,7,0,8,0,0,0,0,5,0,0,0,0,0,0,1,0,0,0,0,0,0,0,7,0,0,0,1,0,0,12,0,5,60,46,8,17,5,8
"HC",2010,3,17.86343,-87.97238,2,0,0,3,0,2,0,0,0,0,0,0,0,0,0,0,0,0,5,6,0,0,0,0,0,21,0,3,0,4,0,0,0,0,20,60,64,8,0,31,25
"HC",2012,1,17.86343,-87.97238,2,0,0,3,0,3,0,0,0,0,2,0,0,0,0,0,0,1,0,1,0,0,0,0,2,19,0,0,0,0,2,0,8,0,11,60,52,10,10,12,21
"HC",2012,2,17.86343,-87.97238,2,0,0,0,0,0,0,0,0,0,1,0,0,0,0,0,0,0,0,3,0,0,0,0,0,6,0,0,0,2,0,0,0,0,3,60,15,5,1,6,8
"HC",2012,3,17.86343,-87.97238,2,0,0,4,0,0,0,0,0,0,5,0,0,0,0,0,0,0,0,3,0,0,0,0,0,0,0,0,0,2,0,0,0,0,0,60,14,4,5,3,2
"HC",2012,4,17.86343,-87.97238,2,0,0,0,0,1,0,0,0,0,2,0,0,0,0,0,0,4,0,4,0,0,0,0,0,5,0,2,0,2,0,0,6,0,11,60,37,9,8,15,7
"HC",2012,5,17.86343,-87.97238,2,0,0,0,0,1,0,0,0,0,1,0,0,0,0,0,0,0,0,0,0,0,0,0,0,1,0,0,0,1,3,0,0,0,0,60,7,5,1,0,5
"HC",2012,6,17.86343,-87.97238,2,0,0,0,0,0,0,0,0,0,4,0,0,0,0,0,0,0,0,1,0,0,0,0,0,0,0,0,0,2,1,0,0,0,3,60,11,5,4,4,3
"HC",2012,7,17.86343,-87.97238,2,0,0,0,0,1,0,0,0,0,1,0,0,0,0,0,0,0,0,5,0,0,0,0,0,9,2,2,0,6,6,0,0,0,3,60,35,9,1,8,23
"HC",2012,8,17.86343,-87.97238,2,0,0,0,0,0,0,0,0,0,3,0,0,0,0,0,0,0,0,1,0,0,0,0,0,5,2,0,0,1,5,0,0,0,2,60,19,7,3,3,13
"HC",2013,1,17.86343,-87.97238,2,0,0,2,0,0,0,0,0,0,6,0,0,0,0,0,0,0,0,2,0,0,0,0,0,2,0,0,0,3,0,0,13,0,6,60,34,7,19,8,5
"HC",2013,2,17.86343,-87.97238,2,20,0,4,0,2,0,0,0,0,0,0,0,0,0,0,0,1,0,1,0,0,0,0,0,7,0,0,0,0,0,0,0,0,0,60,15,5,0,1,7
"HC",2013,3,17.86343,-87.97238,2,0,0,0,1,3,0,0,0,0,10,0,0,0,1,0,0,0,0,0,0,0,0,0,0,2,2,0,0,1,0,0,6,0,6,60,32,9,16,7,5
"HC",2013,4,17.86343,-87.97238,2,0,0,0,0,0,0,0,0,0,0,0,0,0,0,0,0,0,0,0,0,0,0,0,0,12,0,0,0,0,0,0,0,0,4,60,16,2,0,4,12
"HC",2013,5,17.86343,-87.97238,2,0,0,2,0,0,0,0,0,0,17,0,0,0,2,0,0,0,0,0,0,0,0,0,0,0,0,1,0,3,0,0,12,0,5,60,42,7,29,7,3
"HC",2013,6,17.86343,-87.97238,2,0,0,0,0,0,0,0,0,0,2,0,0,0,0,0,0,0,0,0,0,0,0,0,0,0,0,0,0,0,0,0,2,0,1,60,5,3,4,1,0
"HM",2009,1,17.2056,-87.54679,5,0,0,0,0,0,0,0,0,0,5,0,0,0,0,0,0,0,0,0,0,0,0,0,0,0,0,0,0,1,0,0,0,0,0,60,6,2,5,0,1
"HM",2009,2,17.2056,-87.54679,5,0,0,0,0,0,0,0,0,0,22,0,0,4,0,0,0,0,0,0,0,0,0,0,0,1,0,0,0,0,0,0,0,0,0,60,27,3,26,0,1
"HM",2009,3,17.2056,-87.54679,5,0,0,0,0,0,0,0,0,0,2,0,0,1,23,0,0,0,0,0,0,0,1,0,1,3,0,0,0,0,0,0,0,0,1,60,32,7,3,24,3
"HM",2009,4,17.2056,-87.54679,5,0,0,0,0,4,0,0,0,0,0,0,0,7,0,0,0,0,0,0,0,0,0,0,0,0,0,0,0,0,0,0,0,0,0,60,11,2,7,0,0
"HM",2009,5,17.2056,-87.54679,5,0,0,0,0,1,0,0,0,0,4,0,0,3,4,0,0,0,0,0,0,0,1,0,0,4,1,0,0,1,1,0,0,0,0,60,20,9,7,4,7
"HM",2010,1,17.2056,-87.54679,5,0,0,0,0,0,0,0,0,0,22,0,0,0,0,11,0,0,0,0,0,0,0,0,0,2,0,0,0,0,0,0,13,0,6,60,54,5,35,6,2
"HM",2010,2,17.2056,-87.54679,5,0,0,0,0,0,0,0,0,0,21,0,0,5,5,9,0,0,0,0,0,0,1,0,0,2,0,0,0,0,0,0,0,0,2,60,45,7,26,7,2
"HM",2010,3,17.2056,-87.54679,5,0,0,0,0,0,0,0,1,0,34,0,0,2,0,7,1,0,0,0,0,1,0,0,0,0,0,0,0,0,0,0,14,0,13,60,73,8,50,13,0
"HM",2012,1,17.2056,-87.54679,5,40,0,0,0,9,0,0,0,0,31,0,0,7,8,0,0,0,0,0,0,0,1,0,0,0,0,0,0,0,0,0,7,0,3,60,66,7,45,11,0
"HM",2012,2,17.2056,-87.54679,5,0,10,0,0,0,0,0,0,0,4,0,0,12,46,0,1,0,0,0,0,0,0,0,0,0,0,0,0,0,0,0,3,0,2,60,78,7,29,48,0
"HM",2012,3,17.2056,-87.54679,5,0,3,0,0,0,0,0,0,0,3,0,0,0,7,0,0,0,0,0,0,0,0,0,0,3,0,0,0,0,0,0,0,0,0,60,16,4,6,7,3
"HM",2012,4,17.2056,-87.54679,5,0,1,0,0,0,0,0,0,0,122,0,0,76,16,0,0,0,0,4,0,0,1,0,0,8,10,0,0,0,0,0,0,0,2,60,240,9,199,22,18
"HM",2012,5,17.2056,-87.54679,5,0,1,0,0,0,0,0,0,0,48,0,0,9,26,0,0,0,0,0,0,0,1,0,0,1,5,0,0,0,0,0,0,0,1,60,92,8,58,27,6
"HM",2012,6,17.2056,-87.54679,5,0,3,0,0,2,0,0,0,0,20,0,0,4,150,0,0,2,0,0,0,0,1,0,0,4,7,0,0,0,3,0,0,0,0,60,196,10,27,150,14
"HM",2013,1,17.2056,-87.54679,5,20,0,0,0,0,0,0,0,1,40,0,0,43,3,14,0,0,0,1,0,0,0,0,0,2,4,0,0,1,0,0,23,0,5,60,137,11,106,9,7
"HM",2013,2,17.2056,-87.54679,5,20,0,0,0,0,0,0,0,0,22,0,1,0,0,5,0,0,0,0,0,0,0,0,0,0,0,0,0,0,0,0,4,0,5,60,37,5,27,5,0
"HM",2013,3,17.2056,-87.54679,5,0,0,0,0,0,0,0,0,0,33,0,0,20,0,12,0,0,0,0,0,0,0,0,0,4,1,0,0,3,0,0,15,0,4,60,92,8,68,4,8
"HM",2013,4,17.2056,-87.54679,5,0,0,0,0,0,0,0,0,0,15,0,0,0,300,0,0,0,0,0,0,0,0,0,0,2,0,0,0,0,0,0,3,0,0,60,320,4,18,300,2
"HM",2013,5,17.2056,-87.54679,5,0,0,0,0,0,0,1,0,0,20,0,0,10,0,12,0,0,0,0,0,0,0,0,0,3,2,0,0,4,0,0,17,0,8,60,77,9,47,9,9
"HM",2013,6,17.2056,-87.54679,5,0,0,0,0,0,0,0,0,0,8,0,0,3,20,0,0,0,0,0,0,0,0,0,0,0,0,0,0,0,0,0,0,0,2,60,33,4,11,22,0
"MC",2009,1,16.73703,-87.80536,1.67,0,0,0,0,0,0,0,0,0,3,0,0,0,0,0,0,0,0,0,0,0,0,0,0,1,0,0,0,0,0,0,4,0,0,60,8,3,7,0,1
"MC",2009,2,16.73703,-87.80536,1.67,0,0,1,1,0,0,0,0,0,0,0,0,0,0,0,0,0,0,0,0,0,0,0,0,5,0,0,0,1,0,0,0,0,1,60,9,5,0,1,6
"MC",2009,3,16.73703,-87.80536,1.67,0,0,0,0,2,0,0,0,0,0,0,0,0,0,0,0,0,0,0,0,0,0,0,0,0,0,0,0,0,0,0,0,0,0,60,2,1,0,0,0
"MC",2009,4,16.73703,-87.80536,1.67,0,0,1,0,2,0,0,0,0,4,0,0,0,0,0,0,0,0,0,0,0,0,0,0,0,0,0,0,0,0,0,0,0,0,60,7,3,4,0,0
"MC",2009,5,16.73703,-87.80536,1.67,0,0,0,0,0,0,0,0,0,3,0,0,0,0,0,0,1,0,1,0,0,0,0,0,2,0,0,0,2,0,0,0,0,0,60,9,5,3,1,4
"MC",2010,1,16.73703,-87.80536,1.67,0,0,0,0,0,0,0,1,0,1,0,0,0,0,0,0,0,0,0,0,0,0,0,0,5,0,3,0,1,0,0,12,0,7,60,30,7,13,7,6
"MC",2010,2,16.73703,-87.80536,1.67,0,0,0,0,0,0,0,1,0,8,0,0,0,0,0,0,0,0,3,0,0,0,0,0,15,0,0,0,2,0,0,12,0,4,60,45,7,20,7,17
"MC",2010,3,16.73703,-87.80536,1.67,0,0,0,0,0,0,0,0,0,8,0,0,0,0,0,0,0,0,7,0,0,0,0,0,0,0,0,0,0,0,0,5,0,0,60,20,3,13,7,0
"MC",2012,1,16.73703,-87.80536,1.67,40,0,0,0,0,0,0,0,0,4,0,0,0,0,0,0,0,0,1,0,0,0,0,0,5,0,0,0,0,3,0,3,0,0,60,16,5,7,1,8
"MC",2012,2,16.73703,-87.80536,1.67,20,0,2,0,0,0,0,0,0,11,0,0,0,0,0,0,0,0,3,0,0,0,0,0,0,0,1,0,0,0,0,1,0,6,60,24,6,12,9,0
"MC",2012,3,16.73703,-87.80536,1.67,0,0,0,0,0,0,0,0,0,3,0,0,0,0,0,0,0,0,1,0,0,0,0,0,7,0,0,0,2,0,0,0,0,7,60,20,5,3,8,9
"MC",2012,4,16.73703,-87.80536,1.67,0,0,0,0,0,0,0,0,0,3,0,0,1,0,0,0,0,0,0,0,0,0,0,0,2,2,0,0,4,0,0,0,0,0,60,12,5,4,0,8
"MC",2012,5,16.73703,-87.80536,1.67,20,0,0,0,0,0,0,0,0,8,0,0,0,0,0,0,0,0,2,0,0,0,0,0,11,15,0,0,2,0,0,0,0,3,60,41,6,8,5,28
"MC",2012,6,16.73703,-87.80536,1.67,0,0,0,0,0,0,0,0,0,0,0,0,0,0,0,0,0,0,3,0,0,0,0,0,8,0,0,0,0,0,0,0,0,4,60,15,3,0,7,8
"MC",2013,1,16.73703,-87.80536,1.67,0,0,0,0,0,0,0,0,0,8,0,0,0,0,3,0,0,0,7,0,0,0,0,1,1,0,0,0,2,0,0,18,0,15,60,55,8,26,22,3
"MC",2013,2,16.73703,-87.80536,1.67,0,0,0,0,0,0,1,2,0,0,0,0,0,0,0,0,0,0,1,0,0,0,0,0,1,0,0,0,0,0,0,2,0,13,60,20,6,2,15,1
"MC",2013,3,16.73703,-87.80536,1.67,0,0,0,0,0,0,0,0,0,18,0,0,0,0,0,0,0,0,7,0,0,0,0,0,6,0,0,0,3,0,0,25,0,12,60,71,6,43,19,9
"MC",2013,4,16.73703,-87.80536,1.67,0,0,0,0,0,0,0,0,0,0,0,0,0,0,0,0,0,0,1,0,0,0,0,0,2,0,0,0,0,0,0,0,0,19,60,22,3,0,20,2
"MC",2013,6,16.73703,-87.80536,1.67,0,0,2,0,0,0,0,0,0,0,0,0,0,0,0,0,0,0,0,0,0,0,0,0,0,0,0,0,0,0,0,0,0,10,60,12,2,0,10,0
"MR",2009,1,17.98782,-87.90382,2.58,0,0,0,0,0,0,0,0,0,3,0,0,0,0,0,0,0,0,0,0,0,0,0,0,3,0,0,0,0,0,0,0,0,0,60,6,2,3,0,3
"MR",2009,2,17.98782,-87.90382,2.58,0,0,2,0,0,0,0,2,0,0,0,0,0,0,0,0,0,0,0,0,0,0,0,0,0,0,0,0,0,0,0,1,0,1,60,6,4,1,1,0
"MR",2009,3,17.98782,-87.90382,2.58,0,0,0,0,0,0,0,0,0,3,0,0,0,0,0,0,0,0,0,0,0,0,0,0,6,0,0,0,2,0,0,3,0,2,60,16,5,6,2,8
"MR",2009,4,17.98782,-87.90382,2.58,0,0,0,0,0,0,0,0,0,1,0,0,0,0,0,0,0,0,0,0,0,0,0,0,0,0,1,0,1,0,0,2,0,4,60,9,5,3,4,1
"MR",2009,5,17.98782,-87.90382,2.58,0,0,0,0,0,0,0,0,0,1,0,0,0,0,0,0,0,0,0,0,0,0,0,0,0,0,0,0,0,0,0,1,0,0,60,2,2,2,0,0
"MR",2009,6,17.98782,-87.90382,2.58,0,0,0,0,0,0,0,0,0,0,0,0,0,0,0,0,0,0,0,0,0,0,0,0,0,0,0,0,0,0,0,0,0,0,60,0,0,0,0,0
"MR",2009,7,17.98782,-87.90382,2.58,0,0,0,0,0,0,0,0,0,1,0,0,0,0,0,0,0,0,0,0,0,0,0,0,0,0,0,0,0,0,0,0,0,0,60,1,1,1,0,0
"MR",2009,8,17.98782,-87.90382,2.58,0,0,0,0,0,0,0,0,0,5,0,0,0,0,0,0,0,0,0,0,0,0,0,0,0,0,0,0,0,0,0,0,0,0,60,5,1,5,0,0
"MR",2012,1,17.98782,-87.90382,2.58,0,0,0,0,0,0,0,0,0,1,0,0,0,0,0,0,0,0,0,0,0,0,0,0,2,0,0,0,0,0,0,2,0,2,60,7,4,3,2,2
"MR",2012,2,17.98782,-87.90382,2.58,20,0,6,0,0,0,0,0,0,0,0,0,0,0,0,0,0,0,0,0,0,0,0,0,0,0,0,0,0,0,0,0,0,0,60,6,1,0,0,0
"MR",2012,3,17.98782,-87.90382,2.58,0,0,0,0,2,0,0,0,0,3,0,0,0,0,0,0,0,0,0,0,0,0,0,0,0,0,0,0,0,0,0,0,0,0,60,5,2,3,0,0
"MR",2012,4,17.98782,-87.90382,2.58,0,0,0,0,0,0,0,0,0,2,0,0,0,0,0,0,0,0,3,0,0,0,0,0,8,2,2,0,3,0,0,0,0,3,60,23,7,2,6,13
"MR",2012,5,17.98782,-87.90382,2.58,0,0,0,0,0,0,0,0,0,2,0,0,0,0,0,0,0,0,4,0,0,0,0,0,15,1,0,0,3,1,0,0,0,1,60,27,7,2,5,20
"MR",2012,6,17.98782,-87.90382,2.58,20,0,0,0,1,0,0,0,0,0,0,0,0,0,0,0,0,0,3,0,0,0,0,0,10,4,0,0,4,7,0,0,0,0,60,29,6,0,3,25
"MR",2013,1,17.98782,-87.90382,2.58,0,0,2,0,1,0,0,0,0,4,7,0,0,0,0,0,0,0,4,5,0,0,0,0,0,0,0,0,4,1,0,0,0,0,60,28,8,11,9,5
"MR",2013,2,17.98782,-87.90382,2.58,0,0,3,0,0,0,0,0,0,1,0,0,0,0,0,0,0,0,1,0,0,0,0,0,3,0,0,0,2,0,1,0,0,5,60,16,7,2,6,5
"MR",2013,3,17.98782,-87.90382,2.58,0,0,1,0,0,0,0,0,0,8,0,0,0,0,0,0,0,0,1,0,0,0,0,0,0,2,0,0,3,0,0,2,0,6,60,23,7,10,7,5
"MR",2013,4,17.98782,-87.90382,2.58,0,0,3,0,0,0,0,0,0,0,0,0,0,0,0,0,0,0,0,0,0,0,0,0,0,0,0,0,0,0,0,0,0,0,60,3,1,0,0,0
"MR",2013,5,17.98782,-87.90382,2.58,20,1,1,0,0,0,0,0,0,10,0,0,0,0,0,0,0,0,2,0,0,0,0,0,3,5,0,0,3,0,0,4,0,4,60,33,9,15,6,11
"MR",2013,6,17.98782,-87.90382,2.58,0,0,1,0,0,0,0,0,0,2,0,0,0,0,0,0,0,0,1,0,0,0,0,0,0,0,1,0,0,0,0,3,0,0,60,8,5,5,1,0
"NI",2009,1,16.1123,-88.25586,2.33,0,0,1,0,0,0,0,0,1,1,0,0,0,0,0,0,0,0,0,0,0,0,0,0,0,0,0,0,0,0,0,5,0,0,60,8,4,6,0,0
"NI",2009,2,16.1123,-88.25586,2.33,0,0,0,0,0,0,0,0,0,16,0,0,0,0,0,0,0,0,0,0,0,0,0,0,2,0,0,0,0,0,0,5,0,2,60,25,4,21,2,2
"NI",2009,3,16.1123,-88.25586,2.33,0,0,0,0,0,0,0,0,1,4,0,0,1,0,0,0,0,0,0,0,0,0,0,0,0,0,0,0,0,0,0,1,0,0,60,7,4,6,0,0
"NI",2009,4,16.1123,-88.25586,2.33,0,0,0,0,0,0,0,0,0,4,0,0,0,0,0,0,0,0,0,0,0,0,0,0,2,0,0,0,1,0,0,7,0,0,60,14,4,11,0,3
"NI",2009,5,16.1123,-88.25586,2.33,0,0,0,0,0,0,0,0,0,9,0,0,0,0,0,0,0,0,1,0,0,0,0,1,0,0,0,0,0,0,0,3,0,2,60,16,5,12,3,0
"NI",2009,6,16.1123,-88.25586,2.33,0,0,0,0,0,0,0,0,0,35,0,0,0,20,0,0,0,0,0,0,0,0,0,0,0,0,0,0,0,0,0,0,0,0,60,55,2,35,20,0
"NI",2010,1,16.1123,-88.25586,2.33,0,0,0,0,0,0,0,0,0,17,0,0,0,0,0,0,0,0,15,0,0,0,0,0,17,0,1,0,7,1,0,6,0,0,60,64,7,23,15,25
"NI",2010,2,16.1123,-88.25586,2.33,0,0,6,0,1,0,0,0,0,1,0,0,0,0,0,0,0,0,3,0,0,0,0,0,9,0,1,0,5,5,0,4,0,0,60,35,9,5,3,19
"NI",2010,3,16.1123,-88.25586,2.33,0,0,15,0,3,0,1,1,0,14,0,0,0,0,0,0,0,0,0,0,0,0,0,0,12,0,0,0,2,0,0,6,0,11,60,65,9,20,12,14
"NI",2012,1,16.1123,-88.25586,2.33,0,0,1,0,0,0,0,0,0,2,0,0,0,0,0,0,2,0,0,0,0,0,0,0,2,0,1,0,1,0,0,0,0,2,60,11,7,2,2,3
"NI",2012,2,16.1123,-88.25586,2.33,0,0,2,0,3,0,0,0,0,2,0,0,0,0,0,0,2,0,0,1,0,0,0,0,17,0,0,0,10,0,0,1,0,1,60,39,9,3,2,27
"NI",2012,3,16.1123,-88.25586,2.33,0,0,2,0,0,0,0,0,0,10,0,0,5,4,0,0,0,0,0,0,0,0,0,0,5,0,0,0,0,0,0,0,0,5,60,31,6,15,9,5
"NI",2012,4,16.1123,-88.25586,2.33,0,0,0,0,0,0,0,0,0,4,0,0,0,0,0,0,0,0,3,0,0,0,0,0,9,1,0,0,2,0,0,1,0,2,60,22,7,5,5,12
"NI",2012,5,16.1123,-88.25586,2.33,0,0,0,0,0,0,0,0,0,2,0,0,0,1,0,0,0,0,8,0,0,0,0,1,4,4,1,0,3,0,0,2,0,6,60,32,10,4,15,11
"NI",2012,6,16.1123,-88.25586,2.33,0,0,0,0,0,0,0,0,0,4,0,0,0,0,0,0,0,0,4,0,0,0,0,0,0,3,0,0,3,3,0,1,0,0,60,18,6,5,4,9
"NI",2013,1,16.1123,-88.25586,2.33,0,0,0,0,0,0,0,0,0,12,0,0,0,0,0,0,0,0,3,0,0,0,0,0,7,1,1,0,5,0,0,20,0,8,60,57,8,32,11,13
"NI",2013,2,16.1123,-88.25586,2.33,40,0,0,0,0,0,0,0,0,0,0,0,0,0,0,0,0,0,0,0,0,0,0,0,7,0,0,0,0,0,0,0,0,0,60,7,1,0,0,7
"NI",2013,3,16.1123,-88.25586,2.33,0,0,0,0,0,0,0,0,0,30,0,0,0,0,0,0,0,0,6,0,0,0,0,0,4,0,0,0,1,2,0,27,0,8,60,78,7,57,14,7
"NI",2013,4,16.1123,-88.25586,2.33,40,0,0,0,0,0,0,0,0,0,0,0,0,0,0,0,0,0,0,0,0,0,0,0,1,0,0,0,0,0,0,0,1,0,60,2,2,1,0,1
"NI",2013,5,16.1123,-88.25586,2.33,0,0,0,0,0,0,0,2,0,13,0,0,0,0,0,0,0,0,15,2,0,0,0,0,7,1,0,0,1,2,0,26,0,8,60,77,10,39,25,11
"NI",2013,6,16.1123,-88.25586,2.33,0,0,0,0,0,0,0,0,0,0,0,0,0,0,0,0,0,0,0,0,0,0,0,0,0,0,0,0,0,0,0,0,0,0,60,0,0,0,0,0
"PO",2009,1,16.3731,-88.08913,2.92,0,0,0,0,0,0,0,0,0,7,0,0,0,0,0,0,0,0,0,0,0,0,0,0,0,0,0,0,2,0,0,1,0,1,60,11,4,8,1,2
"PO",2009,2,16.3731,-88.08913,2.92,0,0,0,0,0,0,0,0,0,7,0,0,0,0,0,0,0,0,0,0,0,0,0,0,1,0,0,0,1,0,0,0,0,0,60,9,3,7,0,2
"PO",2009,3,16.3731,-88.08913,2.92,0,0,0,0,0,0,0,0,0,0,0,0,0,0,0,0,0,0,0,0,0,0,0,1,0,0,0,0,1,0,0,4,0,1,60,7,4,4,1,1
"PO",2009,4,16.3731,-88.08913,2.92,0,0,0,0,0,0,0,1,0,1,0,0,0,0,0,0,0,0,0,0,0,0,0,0,0,0,1,0,0,0,0,1,0,0,60,4,4,2,0,0
"PO",2009,5,16.3731,-88.08913,2.92,0,0,0,0,0,0,0,0,0,0,0,0,0,0,0,0,0,0,0,0,0,0,0,0,0,0,0,0,1,0,0,0,0,0,60,1,1,0,0,1
"PO",2009,6,16.3731,-88.08913,2.92,0,0,0,0,0,0,0,3,0,3,0,0,0,0,0,0,0,0,1,0,0,0,0,0,0,0,0,0,0,0,0,1,0,0,60,8,4,4,1,0
"PO",2009,7,16.3731,-88.08913,2.92,0,0,0,0,0,0,0,0,0,0,0,0,0,0,0,0,0,0,0,0,0,0,0,0,0,0,0,0,0,0,0,3,0,0,60,3,1,3,0,0
"PO",2010,1,16.3731,-88.08913,2.92,0,0,4,0,3,0,1,0,1,12,0,0,0,0,0,0,0,0,1,0,0,0,0,0,6,0,0,0,1,2,0,2,0,1,60,34,11,14,3,9
"PO",2010,2,16.3731,-88.08913,2.92,0,0,2,0,0,0,0,1,1,17,0,0,0,25,0,0,0,0,4,0,0,0,0,0,0,0,0,0,3,0,0,3,0,0,60,56,8,20,29,3
"PO",2010,3,16.3731,-88.08913,2.92,0,0,8,0,6,0,0,0,0,37,0,0,0,3,0,0,0,0,5,0,1,0,0,0,16,0,3,0,2,0,0,4,0,4,60,89,11,41,12,18
"PO",2012,1,16.3731,-88.08913,2.92,80,0,2,0,0,0,0,0,0,6,0,0,0,3,0,0,0,0,0,0,0,0,0,0,3,0,2,0,0,1,0,1,0,2,60,20,8,7,5,4
"PO",2012,2,16.3731,-88.08913,2.92,80,0,0,0,0,0,0,0,0,4,0,0,0,0,0,0,0,0,0,0,0,1,0,0,0,0,0,0,0,0,1,0,0,0,60,6,3,5,0,0
"PO",2012,3,16.3731,-88.08913,2.92,20,0,2,0,0,0,0,0,0,2,0,0,0,0,0,0,0,0,7,0,0,0,0,0,2,0,0,0,2,0,0,0,0,0,60,15,5,2,7,4
"PO",2012,4,16.3731,-88.08913,2.92,0,0,0,0,0,0,0,0,0,0,0,0,0,3,0,0,0,0,3,0,0,0,0,0,9,4,0,0,4,1,0,1,0,0,60,25,7,1,6,18
"PO",2012,6,16.3731,-88.08913,2.92,40,0,0,0,2,0,0,0,0,7,0,0,0,17,0,0,0,0,1,0,0,0,0,0,9,3,1,0,2,0,0,0,0,1,60,43,9,7,19,14
"PO",2013,1,16.3731,-88.08913,2.92,0,0,0,0,1,0,1,0,0,5,0,0,7,3,0,0,0,0,1,0,0,0,0,0,10,8,0,0,4,1,0,10,0,9,60,60,12,22,14,23
"PO",2013,2,16.3731,-88.08913,2.92,20,0,0,0,0,0,0,0,0,0,0,0,0,0,0,0,0,0,0,0,0,0,0,0,0,0,0,0,0,0,0,0,0,0,60,0,0,0,0,0
"PO",2013,3,16.3731,-88.08913,2.92,20,0,0,0,1,1,0,1,0,13,0,0,0,0,0,0,0,0,10,0,0,0,0,0,3,0,0,0,3,1,0,10,0,7,60,50,10,23,17,7
"PO",2013,4,16.3731,-88.08913,2.92,0,0,0,0,0,0,0,0,0,0,0,0,0,0,0,0,0,0,1,0,0,0,0,0,20,0,0,2,0,0,0,0,0,1,60,24,4,0,2,22
"PO",2013,5,16.3731,-88.08913,2.92,20,0,0,0,4,1,0,1,0,8,0,0,0,0,0,0,0,0,0,0,4,0,0,0,2,3,0,2,2,2,0,19,0,3,60,51,12,27,3,11
"PO",2013,6,16.3731,-88.08913,2.92,60,0,0,0,0,0,0,0,0,0,0,0,0,14,0,0,0,0,1,0,0,0,0,0,46,0,0,4,0,1,0,0,0,0,60,66,5,0,15,51
"RA",2009,1,16.28501,-88.15031,2.83,0,0,0,0,0,0,0,0,0,6,0,0,0,0,0,0,0,0,0,0,0,0,0,0,1,0,0,0,1,0,0,0,0,1,60,9,4,6,1,2
"RA",2009,2,16.28501,-88.15031,2.83,0,0,0,0,0,0,0,0,0,12,0,0,0,14,0,0,0,0,0,0,0,0,0,0,2,0,0,0,1,1,0,3,0,0,60,33,6,15,14,4
"RA",2009,3,16.28501,-88.15031,2.83,0,0,0,0,1,0,0,1,0,16,0,0,0,0,0,0,0,0,0,0,0,0,0,0,0,0,0,0,1,1,0,2,0,2,60,24,7,18,2,2
"RA",2009,4,16.28501,-88.15031,2.83,0,0,8,0,1,0,0,1,0,0,0,0,0,0,0,0,0,0,0,0,0,0,0,1,2,0,0,1,3,0,0,0,0,0,60,17,7,0,0,6
"RA",2009,5,16.28501,-88.15031,2.83,0,0,1,0,0,0,0,0,0,11,0,0,0,0,0,0,2,0,0,0,0,0,0,0,0,0,0,0,1,0,0,0,0,0,60,15,4,11,0,1
"RA",2009,6,16.28501,-88.15031,2.83,0,0,0,0,0,0,0,0,0,2,0,0,0,0,0,0,0,0,0,0,0,0,0,0,0,0,0,0,0,0,0,1,0,0,60,3,2,3,0,0
"RA",2009,7,16.28501,-88.15031,2.83,0,0,0,0,0,0,0,0,0,50,0,0,0,10,0,0,0,0,3,0,0,0,0,0,2,0,0,0,0,0,0,0,0,0,60,65,4,50,13,2
"RA",2009,8,16.28501,-88.15031,2.83,0,0,0,0,0,0,0,0,0,100,0,0,0,65,0,0,0,0,0,0,0,0,0,0,4,0,0,0,0,0,0,0,0,1,60,170,4,100,66,4
"RA",2010,1,16.28501,-88.15031,2.83,0,0,0,0,0,0,0,0,0,4,0,0,0,0,0,0,0,0,4,0,0,0,0,0,4,0,0,0,6,0,0,14,0,1,60,33,6,18,5,10
"RA",2010,2,16.28501,-88.15031,2.83,0,0,0,0,0,0,0,1,0,13,0,0,0,0,0,0,0,0,5,0,0,0,0,0,2,0,0,0,5,0,0,3,0,0,60,29,6,16,5,7
"RA",2010,3,16.28501,-88.15031,2.83,0,0,2,0,1,0,0,0,0,6,0,0,0,12,0,0,0,0,1,0,0,0,0,0,0,0,1,0,0,0,0,7,0,2,60,32,8,13,15,0
"RA",2012,1,16.28501,-88.15031,2.83,60,0,2,0,2,0,0,0,0,2,0,0,0,0,0,0,0,0,3,0,0,0,0,0,7,0,0,0,4,2,0,2,0,0,60,24,8,4,3,13
"RA",2012,2,16.28501,-88.15031,2.83,100,0,2,0,0,0,0,0,0,1,0,0,0,0,0,0,0,0,0,0,0,0,0,0,2,0,1,0,1,0,0,2,0,0,60,9,6,3,0,3
"RA",2012,3,16.28501,-88.15031,2.83,0,0,0,0,2,0,0,0,0,8,0,0,0,4,0,0,0,0,2,0,0,0,0,0,12,0,0,0,4,2,0,1,0,3,60,38,9,9,9,18
"RA",2012,4,16.28501,-88.15031,2.83,0,0,0,0,0,0,0,0,0,4,0,0,0,0,0,0,0,0,3,0,0,0,0,0,11,0,0,0,5,0,0,0,0,0,60,23,4,4,3,16
"RA",2012,6,16.28501,-88.15031,2.83,0,0,0,0,0,0,0,2,0,4,0,0,0,0,0,0,0,0,5,0,0,0,1,0,4,1,0,0,1,0,0,1,0,0,60,19,8,5,5,6
"RA",2013,1,16.28501,-88.15031,2.83,100,0,0,0,3,0,0,0,0,12,0,0,0,0,0,0,0,0,7,0,0,0,0,0,8,0,0,1,2,0,0,15,0,3,60,51,8,27,10,11
"RA",2013,3,16.28501,-88.15031,2.83,20,0,0,0,2,0,0,1,0,5,0,0,0,0,0,0,0,0,8,0,0,0,0,0,4,2,1,6,2,1,0,6,0,0,60,38,11,11,8,15
"RA",2013,4,16.28501,-88.15031,2.83,100,0,0,0,2,0,0,0,0,0,0,0,0,0,0,0,0,0,0,0,0,0,0,0,7,0,0,0,3,0,0,0,0,2,60,14,4,0,2,10
"RA",2013,5,16.28501,-88.15031,2.83,0,0,0,0,1,0,0,0,1,8,0,0,0,8,0,0,0,0,4,0,0,0,0,0,3,3,0,0,5,2,0,13,0,6,60,54,11,21,18,13
"RA",2013,6,16.28501,-88.15031,2.83,0,0,0,0,1,0,0,0,0,5,0,0,1,0,0,0,0,0,0,0,0,0,0,0,10,0,0,0,0,0,0,0,0,4,60,21,5,6,4,10
"SM",2009,1,16.72875,-87.82867,2,0,0,0,0,1,0,0,0,0,1,0,0,0,0,0,0,0,0,0,0,0,0,0,0,2,0,0,0,0,0,0,0,0,0,60,4,3,1,0,2
"SM",2009,2,16.72875,-87.82867,2,0,0,0,0,0,0,0,0,0,1,0,0,0,0,0,0,0,0,0,0,0,0,0,0,4,0,0,0,0,0,0,0,0,1,60,6,3,1,1,4
"SM",2009,3,16.72875,-87.82867,2,0,0,0,0,0,0,0,0,0,0,0,0,0,0,0,0,0,0,0,0,0,0,0,0,2,0,0,0,0,0,0,0,0,0,60,2,1,0,0,2
"SM",2009,4,16.72875,-87.82867,2,0,0,0,0,0,0,0,0,0,1,0,0,0,0,0,0,0,0,0,0,0,0,0,0,0,0,0,0,1,0,0,0,0,0,60,2,2,1,0,1
"SM",2009,5,16.72875,-87.82867,2,0,0,2,0,1,0,0,0,0,1,0,0,0,0,0,0,0,0,1,0,0,0,0,1,0,0,0,0,1,0,0,0,0,0,60,7,6,1,1,1
"SM",2009,6,16.72875,-87.82867,2,0,0,0,0,0,0,0,0,0,6,0,0,0,0,0,0,0,0,1,0,0,0,0,0,0,0,0,0,0,0,0,0,0,1,60,8,3,6,2,0
"SM",2010,1,16.72875,-87.82867,2,20,0,1,0,0,0,0,0,0,2,0,0,0,0,0,0,0,0,11,0,0,0,0,0,0,0,0,0,0,0,0,8,0,4,60,26,5,10,15,0
"SM",2010,2,16.72875,-87.82867,2,0,0,1,0,0,0,0,0,0,9,0,0,0,0,3,0,0,0,10,0,0,0,0,0,5,0,3,0,4,3,0,4,0,11,60,53,10,13,21,12
"SM",2010,3,16.72875,-87.82867,2,0,0,1,0,0,0,0,0,0,4,0,0,0,0,0,0,0,0,4,0,0,0,0,0,2,0,5,0,1,0,0,12,0,5,60,34,8,16,9,3
"SM",2012,1,16.72875,-87.82867,2,40,0,0,0,2,0,0,0,0,0,0,0,0,0,0,0,0,0,7,0,0,0,0,0,2,0,1,0,1,0,0,0,0,2,60,15,6,0,9,3
"SM",2012,2,16.72875,-87.82867,2,0,0,2,0,5,0,0,0,0,2,0,0,0,0,0,0,0,0,7,0,0,0,0,0,0,0,2,0,0,0,0,1,0,3,60,22,7,3,10,0
"SM",2012,3,16.72875,-87.82867,2,0,0,1,0,6,0,0,0,0,4,0,0,0,7,0,0,0,0,3,0,0,0,0,0,18,0,1,0,0,0,0,0,0,6,60,46,8,4,16,18
"SM",2012,4,16.72875,-87.82867,2,0,0,0,0,0,0,0,0,0,8,0,0,0,0,0,0,0,0,0,0,0,0,0,0,5,2,0,0,5,0,0,0,0,2,60,22,5,8,2,12
"SM",2012,5,16.72875,-87.82867,2,0,0,1,0,0,0,1,0,0,10,0,0,0,0,0,0,0,0,10,0,0,0,0,0,14,0,2,0,5,1,0,0,0,7,60,51,9,10,18,20
"SM",2012,6,16.72875,-87.82867,2,0,0,0,0,0,0,1,0,0,5,0,0,0,0,0,0,0,0,3,0,0,0,0,0,7,8,1,0,4,0,0,0,0,3,60,32,8,5,7,19
"SM",2013,1,16.72875,-87.82867,2,0,0,0,0,0,0,0,0,0,8,0,0,0,0,1,0,0,0,10,0,0,0,0,0,2,0,0,0,3,0,0,17,0,15,60,56,7,25,25,5
"SM",2013,2,16.72875,-87.82867,2,0,0,0,0,1,0,0,0,0,0,0,0,0,0,0,0,0,0,1,1,0,0,0,0,1,0,1,0,4,0,0,2,0,2,60,13,8,2,4,5
"SM",2013,3,16.72875,-87.82867,2,60,0,1,0,0,0,0,1,0,0,0,0,0,0,0,0,0,0,8,1,0,0,0,0,5,0,2,0,1,0,0,19,0,20,60,58,9,19,29,6
"SM",2013,4,16.72875,-87.82867,2,0,0,1,0,0,0,0,0,0,4,0,0,0,0,0,0,0,0,2,0,0,0,0,0,31,0,0,0,1,0,0,0,0,4,60,43,6,4,6,32
"SM",2013,5,16.72875,-87.82867,2,0,0,5,0,0,0,0,0,0,19,0,0,0,0,4,0,0,0,11,2,0,0,0,0,8,0,1,0,6,1,0,29,0,13,60,99,11,48,26,15
"SM",2013,6,16.72875,-87.82867,2,0,0,3,0,1,0,0,0,0,6,0,0,0,0,0,0,0,0,0,0,0,0,0,0,0,0,0,0,1,0,0,1,0,5,60,17,6,7,5,1
"ST",2010,1,16.11247,-88.27107,2.33,0,0,0,0,0,0,0,0,0,5,0,0,0,0,0,0,0,0,9,0,0,0,0,0,7,0,2,0,0,0,0,13,0,4,60,40,6,18,13,7
"ST",2010,2,16.11247,-88.27107,2.33,0,0,3,0,2,0,1,0,0,0,0,0,0,0,0,0,0,0,2,0,6,0,0,0,0,0,0,0,0,0,0,6,0,3,60,23,7,6,6,0
"ST",2010,3,16.11247,-88.27107,2.33,0,0,0,0,0,0,0,0,0,4,0,0,0,0,0,0,0,0,3,0,0,0,0,0,0,0,1,0,0,0,0,6,0,10,60,24,5,10,13,0
"ST",2012,1,16.11247,-88.27107,2.33,20,0,3,0,0,0,0,0,0,10,0,0,0,0,0,0,0,0,3,0,0,0,0,0,2,0,0,0,0,1,0,8,0,5,60,32,7,18,8,3
"ST",2012,2,16.11247,-88.27107,2.33,20,0,1,0,0,0,0,0,0,0,0,0,0,0,0,0,0,0,0,0,0,0,0,0,3,0,1,0,1,0,0,5,0,8,60,19,6,5,8,4
"ST",2012,3,16.11247,-88.27107,2.33,0,0,1,0,0,0,0,0,0,3,0,0,0,0,0,0,0,0,0,0,0,0,0,0,7,0,0,0,0,3,0,3,0,8,60,25,6,6,8,10
"ST",2012,4,16.11247,-88.27107,2.33,0,0,0,0,0,0,0,0,0,3,0,0,0,0,0,0,0,0,0,0,0,0,0,0,10,1,0,0,3,0,0,1,0,5,60,23,6,4,5,14
"ST",2012,5,16.11247,-88.27107,2.33,20,0,0,0,0,0,0,0,0,8,0,0,0,1,0,0,0,0,2,0,0,0,0,0,7,2,1,0,5,0,0,0,0,5,60,31,8,8,8,14
"ST",2012,6,16.11247,-88.27107,2.33,0,0,0,0,0,0,0,0,0,7,0,0,0,0,0,0,0,0,4,0,0,0,0,0,6,2,0,0,2,0,0,0,0,5,60,26,6,7,9,10
"ST",2013,1,16.11247,-88.27107,2.33,0,0,0,0,0,0,0,0,0,20,0,0,0,0,0,0,0,0,10,1,0,0,0,0,6,0,0,0,4,0,0,40,0,22,60,103,7,60,33,10
"ST",2013,2,16.11247,-88.27107,2.33,0,0,0,0,0,0,0,0,0,0,0,0,0,0,0,0,0,0,0,0,0,0,0,0,0,0,0,0,0,0,0,0,0,4,60,4,1,0,4,0
"ST",2013,3,16.11247,-88.27107,2.33,0,0,0,0,0,0,0,0,0,5,0,0,0,0,0,0,0,0,10,0,0,0,0,0,2,0,3,0,3,0,0,16,0,13,60,52,7,21,23,5
"ST",2013,4,16.11247,-88.27107,2.33,0,0,0,0,0,0,0,0,0,2,0,0,0,0,0,0,0,0,3,0,0,0,0,0,3,0,1,1,0,0,0,0,0,35,60,45,6,2,38,4
"ST",2013,5,16.11247,-88.27107,2.33,0,0,0,0,0,0,0,0,0,8,0,0,0,0,0,0,0,0,10,0,1,0,0,0,4,1,0,0,1,0,0,30,0,0,60,55,7,38,10,6
"ST",2013,6,16.11247,-88.27107,2.33,0,0,0,0,0,0,0,0,0,0,0,0,0,0,0,0,0,0,3,0,0,0,0,0,4,0,3,0,1,0,0,1,0,15,60,27,6,1,18,5
"SW",2009,1,16.81346,-88.07756,2.08,0,0,0,0,0,0,0,0,0,4,0,0,0,0,0,0,0,0,0,0,0,0,0,0,0,0,0,0,0,0,0,0,0,0,60,4,1,4,0,0
"SW",2009,2,16.81346,-88.07756,2.08,0,0,0,0,0,0,0,0,0,4,0,0,0,0,0,0,0,0,0,0,0,0,0,0,10,0,0,0,0,0,0,1,0,0,60,15,3,5,0,10
"SW",2009,3,16.81346,-88.07756,2.08,0,0,0,0,0,0,0,0,0,1,0,0,0,0,0,0,0,0,0,0,0,0,0,0,0,0,0,0,1,0,0,2,0,0,60,4,3,3,0,1
"SW",2009,4,16.81346,-88.07756,2.08,0,0,1,0,0,0,0,0,0,20,0,0,0,0,0,0,0,0,0,0,0,0,0,0,0,0,0,0,0,0,0,1,0,1,60,23,4,21,1,0
"SW",2009,5,16.81346,-88.07756,2.08,0,0,0,0,0,0,0,0,0,8,0,0,0,0,0,0,0,0,0,0,0,0,0,0,0,0,0,0,0,0,0,1,0,0,60,9,2,9,0,0
"SW",2009,6,16.81346,-88.07756,2.08,0,0,0,0,0,0,0,0,0,1,0,0,0,0,0,0,0,0,0,0,0,0,0,0,5,0,0,0,0,0,0,0,0,0,60,6,2,1,0,5
"SW",2009,7,16.81346,-88.07756,2.08,0,0,0,0,0,0,0,0,0,6,0,0,0,0,0,0,0,0,0,0,0,0,0,0,4,0,0,0,0,0,0,0,0,2,60,12,3,6,2,4
"SW",2009,8,16.81346,-88.07756,2.08,0,0,0,0,0,0,0,0,0,1,0,0,0,0,0,0,0,0,0,0,0,0,0,0,0,0,0,0,0,0,0,0,0,1,60,2,2,1,1,0
"SW",2010,1,16.81346,-88.07756,2.08,0,0,0,0,0,0,0,0,0,7,0,0,0,100,0,0,0,0,9,0,0,0,0,0,17,0,0,0,2,0,0,4,0,18,60,157,7,11,127,19
"SW",2010,2,16.81346,-88.07756,2.08,0,0,3,0,1,0,0,0,0,6,0,0,0,0,0,0,0,0,2,0,0,0,0,0,17,0,0,0,2,1,0,5,0,0,60,37,8,11,2,20
"SW",2010,3,16.81346,-88.07756,2.08,0,0,0,0,0,0,0,0,0,8,0,0,0,0,0,0,0,0,3,0,0,0,0,0,8,0,0,0,2,0,0,4,0,0,60,25,5,12,3,10
"SW",2010,4,16.81346,-88.07756,2.08,0,0,1,0,0,0,0,0,0,2,0,0,0,0,0,0,0,0,15,0,0,0,0,0,21,0,0,0,5,0,0,4,0,11,60,59,7,6,26,26
"SW",2012,1,16.81346,-88.07756,2.08,40,0,2,0,0,2,0,0,0,9,0,0,0,100,0,0,0,0,0,0,0,0,0,0,15,0,0,0,0,0,0,1,0,4,60,133,7,10,104,15
"SW",2012,2,16.81346,-88.07756,2.08,0,0,2,0,0,0,0,0,0,2,0,0,0,0,0,0,0,0,0,0,0,0,0,0,4,0,0,0,0,0,0,4,0,3,60,15,5,6,3,4
"SW",2012,3,16.81346,-88.07756,2.08,0,0,0,0,0,0,0,0,0,0,0,0,0,37,0,0,1,0,0,0,0,2,0,0,14,0,0,0,1,1,0,1,0,0,60,57,7,1,37,16
"SW",2012,4,16.81346,-88.07756,2.08,20,0,0,0,0,0,0,0,0,12,0,0,0,2,0,0,0,0,2,0,0,0,0,0,4,2,0,0,2,0,0,0,0,6,60,30,7,12,10,8
"SW",2012,5,16.81346,-88.07756,2.08,20,0,0,0,0,0,0,0,0,4,0,0,0,50,0,0,0,0,2,0,0,0,0,0,2,3,1,0,2,0,0,0,0,1,60,65,8,4,53,7
"SW",2012,6,16.81346,-88.07756,2.08,0,0,0,0,0,0,0,0,0,1,0,0,0,0,0,0,0,0,4,0,0,0,0,0,0,0,0,0,4,1,0,6,0,2,60,18,6,7,6,5
"SW",2013,1,16.81346,-88.07756,2.08,0,0,0,0,0,0,0,0,0,20,0,0,0,0,0,0,0,0,7,0,0,0,0,0,6,3,0,0,1,1,0,8,0,5,60,51,8,28,12,11
"SW",2013,2,16.81346,-88.07756,2.08,20,0,2,0,0,0,0,0,0,2,0,0,0,0,0,0,0,0,7,0,0,0,0,0,35,0,0,0,0,0,0,1,0,3,60,50,6,3,10,35
"SW",2013,3,16.81346,-88.07756,2.08,0,0,1,0,0,0,0,0,0,4,0,0,0,0,0,0,0,0,2,1,0,0,0,0,2,2,1,0,2,0,0,10,0,0,60,25,9,14,3,6
"SW",2013,4,16.81346,-88.07756,2.08,20,0,4,0,9,0,0,0,0,0,0,0,0,7,0,0,0,0,13,0,0,0,0,0,42,0,1,0,0,0,0,0,0,5,60,81,7,0,25,42
"SW",2013,5,16.81346,-88.07756,2.08,0,0,1,0,0,0,0,0,0,3,0,0,0,0,0,0,0,0,14,0,0,0,0,0,5,7,0,3,5,0,0,8,0,0,60,46,8,11,14,20
"SW",2013,6,16.81346,-88.07756,2.08,0,0,3,0,1,0,1,0,0,1,0,0,0,0,0,0,0,0,0,0,0,0,0,0,2,0,3,0,0,0,0,0,0,0,60,11,6,1,1,2
"TB",2009,1,17.91056,-87.95083,2.75,0,0,0,0,1,0,0,0,0,6,0,0,0,0,0,0,0,0,0,0,0,0,0,0,2,0,0,0,1,0,0,3,0,0,60,13,5,9,0,3
"TB",2009,2,17.91056,-87.95083,2.75,0,0,0,0,1,0,0,0,0,1,0,0,0,0,0,0,0,0,0,0,0,0,0,0,3,0,0,0,1,0,0,0,0,2,60,8,5,1,2,4
"TB",2009,3,17.91056,-87.95083,2.75,0,0,0,0,0,0,0,0,0,11,0,0,0,2,0,0,0,0,0,0,0,0,0,0,0,0,0,0,1,0,0,0,0,1,60,15,4,11,3,1
"TB",2009,4,17.91056,-87.95083,2.75,0,0,0,0,0,0,0,0,0,1,0,0,0,0,0,0,0,0,0,0,0,0,0,0,0,0,0,0,1,0,0,1,0,0,60,3,3,2,0,1
"TB",2009,5,17.91056,-87.95083,2.75,0,0,0,0,0,0,0,0,0,3,0,0,0,0,0,0,0,0,0,0,0,0,0,0,3,0,0,0,0,1,0,4,0,0,60,11,4,7,0,4
"TB",2009,6,17.91056,-87.95083,2.75,0,0,1,0,0,0,0,0,0,0,0,0,0,0,0,0,0,0,0,0,0,0,0,0,0,0,0,0,1,0,0,0,0,2,60,4,3,0,2,1
"TB",2010,1,17.91056,-87.95083,2.75,0,0,4,0,1,0,0,0,1,3,0,0,0,0,0,0,1,3,2,0,0,0,0,0,5,1,0,0,1,0,0,0,0,7,60,29,11,3,12,7
"TB",2010,2,17.91056,-87.95083,2.75,0,0,5,0,0,0,0,0,0,6,0,0,0,0,0,0,1,0,6,0,0,0,0,0,1,0,0,0,3,0,0,1,0,3,60,26,8,7,9,4
"TB",2010,3,17.91056,-87.95083,2.75,0,0,4,0,1,0,0,0,0,0,0,0,0,0,0,0,2,0,3,0,0,0,1,0,2,0,3,0,2,0,0,0,0,0,60,18,8,0,3,4
"TB",2012,1,17.91056,-87.95083,2.75,0,0,2,0,0,0,0,0,0,2,0,0,0,0,0,0,1,0,0,0,0,0,0,0,0,2,0,0,0,0,0,0,0,2,60,9,5,2,2,2
"TB",2012,2,17.91056,-87.95083,2.75,0,0,0,0,1,0,0,0,0,0,0,0,0,3,0,0,0,0,2,0,0,0,0,0,0,0,1,0,2,0,0,1,0,5,60,15,7,1,10,2
"TB",2012,3,17.91056,-87.95083,2.75,0,0,0,0,0,0,0,0,0,3,0,0,0,0,0,0,0,0,0,0,0,0,0,0,3,5,0,0,3,8,0,0,0,0,60,22,5,3,0,19
"TB",2012,4,17.91056,-87.95083,2.75,0,0,0,0,0,0,0,0,0,2,0,0,0,0,0,0,0,0,3,0,0,0,0,0,5,0,0,0,7,6,0,0,0,2,60,25,6,2,5,18
"TB",2012,5,17.91056,-87.95083,2.75,0,0,4,0,1,0,0,0,0,2,0,0,0,0,0,0,0,0,1,0,0,0,0,0,8,0,0,0,0,0,0,0,0,7,60,23,6,2,8,8
"TB",2012,6,17.91056,-87.95083,2.75,20,0,3,0,1,0,0,0,0,0,0,0,0,0,0,0,0,0,2,0,0,0,0,0,0,0,0,0,2,0,0,0,0,2,60,10,5,0,4,2
"TB",2013,1,17.91056,-87.95083,2.75,0,0,1,1,0,0,0,0,0,6,0,0,0,0,0,0,0,0,0,1,0,0,0,0,5,0,0,0,5,0,0,0,0,0,60,19,6,6,1,10
"TB",2013,2,17.91056,-87.95083,2.75,0,0,0,0,0,0,0,0,0,4,0,0,0,0,0,0,0,0,0,0,0,0,0,0,3,0,0,0,0,0,0,0,0,0,60,7,2,4,0,3
"TB",2013,3,17.91056,-87.95083,2.75,0,0,0,0,0,0,0,0,0,9,0,0,0,1,0,0,0,0,0,0,0,0,0,0,2,0,0,0,3,0,0,3,0,2,60,20,6,12,3,5
"TB",2013,4,17.91056,-87.95083,2.75,0,0,0,0,0,0,0,0,0,0,0,0,0,0,0,0,0,0,0,0,0,0,0,0,2,0,0,0,0,0,0,0,0,0,60,2,1,0,0,2
"TB",2013,5,17.91056,-87.95083,2.75,0,0,0,0,0,0,0,0,0,3,6,0,0,0,0,0,0,0,1,2,0,0,0,1,7,3,0,0,1,0,0,0,0,2,60,26,9,9,5,11
"TB",2013,6,17.91056,-87.95083,2.75,0,0,0,0,0,0,0,0,0,0,0,0,0,0,0,0,0,0,2,0,0,0,0,0,0,0,2,0,0,0,0,0,0,0,60,4,2,0,2,0
"TO",2009,1,16.91911,-88.04757,2.08,0,0,0,0,0,0,0,0,0,3,0,0,0,10,0,0,0,0,0,0,0,0,0,0,0,0,1,0,1,0,0,2,0,0,60,17,5,5,10,1
"TO",2009,2,16.91911,-88.04757,2.08,0,0,0,0,0,0,0,0,0,1,0,0,0,0,0,0,0,0,0,0,0,0,0,0,6,0,0,0,3,0,0,2,0,0,60,12,4,3,0,9
"TO",2009,3,16.91911,-88.04757,2.08,0,0,0,0,0,0,0,0,0,0,0,0,0,0,0,0,0,0,0,0,0,0,0,0,0,0,0,0,0,0,0,2,0,0,60,2,1,2,0,0
"TO",2009,4,16.91911,-88.04757,2.08,0,0,0,0,0,0,0,0,0,5,0,0,0,0,0,0,0,0,1,0,0,0,0,0,1,0,2,0,1,0,0,1,0,2,60,13,7,6,3,2
"TO",2009,5,16.91911,-88.04757,2.08,0,0,0,0,0,0,0,0,0,4,0,0,0,0,0,0,0,0,0,0,0,0,0,0,0,0,0,0,0,0,0,0,0,1,60,5,2,4,1,0
"TO",2009,6,16.91911,-88.04757,2.08,0,0,0,0,0,0,0,0,0,0,0,0,0,0,0,0,0,0,0,0,0,0,0,0,2,0,0,0,1,0,0,0,0,0,60,3,2,0,0,3
"TO",2009,7,16.91911,-88.04757,2.08,0,0,0,0,0,0,0,0,0,0,0,0,0,0,0,0,0,0,0,0,0,0,0,0,3,0,0,0,0,0,0,1,0,0,60,4,2,1,0,3
"TO",2009,8,16.91911,-88.04757,2.08,0,0,0,0,0,0,0,1,0,1,0,0,0,0,0,0,0,0,0,0,0,0,0,0,2,0,0,0,3,0,0,0,0,0,60,7,4,1,0,5
"TO",2010,1,16.91911,-88.04757,2.08,0,0,0,0,0,0,0,0,0,13,0,0,0,0,2,0,0,0,7,0,0,0,0,0,4,0,0,0,0,0,0,10,0,8,60,44,6,23,15,4
"TO",2010,2,16.91911,-88.04757,2.08,0,0,0,0,0,0,0,0,0,0,0,0,0,0,0,0,0,0,7,0,0,0,0,0,20,0,2,0,0,0,0,6,0,0,60,35,4,6,7,20
"TO",2010,3,16.91911,-88.04757,2.08,0,0,0,0,0,0,0,0,0,5,0,0,0,0,2,0,0,0,11,0,0,0,0,0,11,0,0,0,5,0,0,8,0,0,60,42,6,13,11,16
"TO",2012,1,16.91911,-88.04757,2.08,0,0,0,0,0,0,0,0,0,1,0,0,0,0,0,0,0,0,3,0,0,0,0,0,28,0,1,0,1,0,0,0,0,0,60,34,5,1,3,29
"TO",2012,2,16.91911,-88.04757,2.08,0,0,1,0,0,0,0,0,0,0,0,0,0,0,0,0,0,0,4,1,0,0,0,0,10,0,0,0,2,1,0,2,0,3,60,24,8,2,8,13
"TO",2012,3,16.91911,-88.04757,2.08,0,0,4,1,1,0,0,0,0,0,0,0,0,0,0,0,0,0,1,0,0,0,0,0,6,0,0,0,1,0,0,0,0,0,60,14,6,0,1,7
"TO",2012,4,16.91911,-88.04757,2.08,40,0,0,0,0,0,0,0,0,3,0,0,0,0,0,0,0,0,5,0,0,0,0,0,15,1,1,0,5,0,0,0,0,4,60,34,7,3,9,21
"TO",2012,5,16.91911,-88.04757,2.08,0,0,1,0,0,0,0,1,0,2,0,0,0,0,0,0,0,0,6,0,0,0,0,0,9,2,0,0,2,1,0,1,0,4,60,29,10,3,10,14
"TO",2012,6,16.91911,-88.04757,2.08,0,0,0,0,0,0,0,0,0,0,0,0,0,0,0,0,0,0,1,0,0,0,0,0,13,14,1,0,6,0,0,0,0,10,60,45,6,0,11,33
