"Site","Year","Latitude","Longitude","Rugosity","LF.Abund.ha","Abudefduf.saxatilis","Acanthurus.bahianus","Acanthurus.chirurgus","Acanthurus.coeruleus","Amblycirrhitus.pinos","Bodianus.rufus","Canthigaster.rostrata","Cephalopholis.cruentata","Chromis.cyanea","Chromis.enchrysura","Chromis.insolata","Chromis.multilineata","Clepticus.parrae","Gramma.loreto","Haemulon.aurolineatum","Haemulon.flavolineatum","Halichoeres.bivittatus","Halichoeres.garnoti","Halichoeres.maculipinna","Holocentrus.rufus","Hypoplectrus.puella","Ocyurus.chrysurus","Pseudupeneus.maculatus","Scarus.iserti","Scarus.taeniopterus","Serranus.tigrinus","Sparisoma.atomarium","Sparisoma.aurofrenatum","Sparisoma.viride","Stegastes.leucostictus","Stegastes.partitus","Stegastes.variabilis","Thalassoma.bifasciatum","Area","Tot.Abund","Rich","Pomacentridae","Labridae","Scaridae"
"AL",2009,17.1966,-88.05115,2,0,0,0,0,0,0,0,0.00416666666666667,0,0.00208333333333333,0,0,0,0.125,0,0,0,0,0.00208333333333333,0,0,0,0,0,0.0354166666666667,0,0.00208333333333333,0,0.0166666666666667,0.00208333333333333,0,0.0104166666666667,0,0.00833333333333333,1,0.208333333333333,0.0479166666666667,0.0125,0.135416666666667,0.0541666666666667
"AL",2010,17.1966,-88.05115,2,0,0,0,0,0,0,0,0,0,0.0777777777777778,0,0,0,0,0.0333333333333333,0,0,0,0,0,0,0,0,0,0.333333333333333,0,0,0,0.0611111111111111,0.0166666666666667,0,0.155555555555556,0,0.116666666666667,1,0.794444444444444,0.0722222222222222,0.233333333333333,0.116666666666667,0.411111111111111
"AL",2012,17.1966,-88.05115,2,6.66666666666667,0,0.0111111111111111,0,0,0,0,0,0,0.0305555555555556,0,0,0,0.5,0,0,0,0,0.0611111111111111,0,0,0,0,0,0.130555555555556,0.0194444444444444,0.00833333333333333,0.0277777777777778,0.0583333333333333,0.0305555555555556,0,0.0222222222222222,0,0.0388888888888889,1,0.938888888888889,0.108333333333333,0.0527777777777778,0.6,0.266666666666667
"AL",2013,17.1966,-88.05115,2,0,0,0,0,0,0,0.00833333333333333,0,0,0.0611111111111111,0,0,0,0.116666666666667,0,0,0,0,0.0916666666666667,0,0,0,0,0,0.133333333333333,0.0222222222222222,0.00555555555555556,0.0416666666666667,0.0166666666666667,0.00277777777777778,0,0.0833333333333333,0.00833333333333333,0.0555555555555556,1,0.647222222222222,0.119444444444444,0.152777777777778,0.272222222222222,0.216666666666667
"BC",2009,18.16282,-87.82222,2.92,0,0,0,0,0,0,0,0.00416666666666667,0,0.00833333333333333,0,0,0,0,0,0,0,0,0,0,0,0,0,0.00208333333333333,0.0145833333333333,0.00416666666666667,0,0,0.00625,0.00208333333333333,0,0.0166666666666667,0,0.0104166666666667,1,0.06875,0.0395833333333333,0.025,0.0104166666666667,0.0270833333333333
"BC",2012,18.16282,-87.82222,2.92,16.6666666666667,0,0.00555555555555556,0,0.0333333333333333,0,0,0,0,0.0361111111111111,0,0,0,0,0,0,0,0,0.05,0,0,0,0,0.00277777777777778,0.141666666666667,0.025,0.00277777777777778,0,0.05,0.0138888888888889,0,0.0138888888888889,0,0.0222222222222222,1,0.397222222222222,0.105555555555556,0.05,0.0722222222222222,0.230555555555556
"BC",2013,18.16282,-87.82222,2.92,10,0,0.00833333333333333,0.00277777777777778,0.00833333333333333,0,0,0,0,0.0944444444444444,0.00277777777777778,0,0,0.0666666666666667,0.00555555555555556,0,0,0,0.0444444444444444,0,0,0,0,0,0.0444444444444444,0.00555555555555556,0,0,0.0194444444444444,0.00277777777777778,0,0.0333333333333333,0,0.025,1,0.363888888888889,0.105555555555556,0.130555555555556,0.136111111111111,0.0722222222222222
"CA",2009,17.26147,-87.8197,2.42,0,0,0,0.00208333333333333,0.0208333333333333,0,0,0.00208333333333333,0.00208333333333333,0.0895833333333333,0,0,0,0,0,0,0.00625,0,0.0145833333333333,0,0,0.00833333333333333,0,0,0.0604166666666667,0,0,0,0.0270833333333333,0,0,0.00208333333333333,0,0.0208333333333333,1,0.25625,0.08125,0.0916666666666667,0.0354166666666667,0.0875
"CA",2010,17.26147,-87.8197,2.42,6.66666666666667,0,0.0944444444444444,0.0111111111111111,0.0333333333333333,0,0,0.0111111111111111,0.0166666666666667,0.0611111111111111,0,0,0,0,0.0444444444444444,0,0,0.00555555555555556,0.0333333333333333,0,0,0,0,0,0.166666666666667,0.00555555555555556,0.0111111111111111,0,0.0277777777777778,0,0.0111111111111111,0.105555555555556,0,0.144444444444444,1,0.783333333333333,0.155555555555556,0.177777777777778,0.183333333333333,0.2
"CA",2012,17.26147,-87.8197,2.42,10,0,0.00277777777777778,0,0.025,0,0,0,0,0.0861111111111111,0,0,0,0,0,0,0.0833333333333333,0,0.0416666666666667,0,0,0,0,0,0.208333333333333,0.0833333333333333,0.00833333333333333,0,0.0305555555555556,0.00833333333333333,0,0.0277777777777778,0,0.133333333333333,1,0.738888888888889,0.108333333333333,0.113888888888889,0.175,0.330555555555556
"CA",2013,17.26147,-87.8197,2.42,33.3333333333333,0,0.00833333333333333,0,0.00833333333333333,0,0,0.00555555555555556,0,0.108333333333333,0,0,0,0,0.05,0,0.0111111111111111,0,0.0916666666666667,0,0,0,0,0,0.0805555555555556,0.0222222222222222,0.00833333333333333,0.00555555555555556,0.00277777777777778,0,0,0.0861111111111111,0,0.0638888888888889,1,0.552777777777778,0.116666666666667,0.194444444444444,0.155555555555556,0.111111111111111
"GA",2009,17.49592,-88.04255,3.5,0,0,0,0,0,0,0,0.0111111111111111,0,0.0222222222222222,0,0,0,0,0,0,0.00277777777777778,0,0,0,0,0,0,0,0.0111111111111111,0,0,0,0,0.00555555555555556,0,0.0694444444444444,0,0.0194444444444444,1,0.141666666666667,0.05,0.0916666666666667,0.0194444444444444,0.0166666666666667
"GA",2010,17.49592,-88.04255,3.5,0,0,0,0,0,0,0,0,0,0.0944444444444444,0,0,0.0111111111111111,0,0.0166666666666667,0,0,0,0.0277777777777778,0,0,0,0,0,0.133333333333333,0,0,0,0.0277777777777778,0.0166666666666667,0,0.316666666666667,0,0.0944444444444444,1,0.738888888888889,0.105555555555556,0.422222222222222,0.122222222222222,0.177777777777778
"GA",2012,17.49592,-88.04255,3.5,36.6666666666667,0.0138888888888889,0.00555555555555556,0,0,0,0,0.00833333333333333,0,0.0555555555555556,0,0,0,0.0138888888888889,0,0,0,0,0.0222222222222222,0,0,0.00555555555555556,0,0,0.111111111111111,0.00833333333333333,0,0.00833333333333333,0.0361111111111111,0.0138888888888889,0,0.025,0,0.05,1,0.377777777777778,0.108333333333333,0.0944444444444444,0.0861111111111111,0.177777777777778
"GA",2013,17.49592,-88.04255,3.5,0,0.00277777777777778,0,0,0,0.00277777777777778,0,0.00555555555555556,0,0.0277777777777778,0,0,0,0,0.00555555555555556,0,0,0,0.05,0,0,0,0,0.00277777777777778,0.0861111111111111,0.00833333333333333,0.0111111111111111,0.0277777777777778,0.0194444444444444,0.0138888888888889,0.00277777777777778,0.116666666666667,0.00277777777777778,0.0972222222222222,1,0.483333333333333,0.113888888888889,0.152777777777778,0.147222222222222,0.155555555555556
"HC",2009,17.86343,-87.97238,2,0,0,0,0,0,0,0,0.00277777777777778,0,0.1,0,0,0,0,0,0,0,0,0,0,0,0,0,0,0.0222222222222222,0,0,0,0.00833333333333333,0,0,0.0361111111111111,0,0.00555555555555556,1,0.175,0.0416666666666667,0.136111111111111,0.00555555555555556,0.0305555555555556
"HC",2010,17.86343,-87.97238,2,0,0,0.0555555555555556,0,0.0555555555555556,0,0,0,0,0.0388888888888889,0,0,0,0,0,0,0.00555555555555556,0.0277777777777778,0.0555555555555556,0,0,0,0,0,0.166666666666667,0,0.0222222222222222,0,0.0277777777777778,0,0,0.1,0,0.211111111111111,1,0.766666666666667,0.122222222222222,0.138888888888889,0.294444444444444,0.194444444444444
"HC",2012,17.86343,-87.97238,2,0,0,0.0145833333333333,0,0.0125,0,0,0,0,0.0395833333333333,0,0,0,0,0,0,0.0104166666666667,0,0.0375,0,0,0,0,0.00416666666666667,0.09375,0.00833333333333333,0.00833333333333333,0,0.0333333333333333,0.0354166666666667,0,0.0291666666666667,0,0.06875,1,0.395833333333333,0.1125,0.06875,0.10625,0.170833333333333
"HC",2013,17.86343,-87.97238,2,3.33333333333333,0,0.0222222222222222,0.00277777777777778,0.0138888888888889,0,0,0,0,0.0972222222222222,0,0,0,0.00833333333333333,0,0,0.00277777777777778,0,0.00833333333333333,0,0,0,0,0,0.0638888888888889,0.00555555555555556,0.00277777777777778,0,0.0194444444444444,0,0,0.0916666666666667,0,0.0611111111111111,1,0.4,0.0916666666666667,0.188888888888889,0.0777777777777778,0.0888888888888889
"HM",2009,17.2056,-87.54679,5,0,0,0,0,0.0166666666666667,0,0,0,0,0.11,0,0,0.05,0.09,0,0,0,0,0,0,0,0.00666666666666667,0,0.00333333333333333,0.0266666666666667,0.00333333333333333,0,0,0.00666666666666667,0.00333333333333333,0,0,0,0.00333333333333333,1,0.32,0.0766666666666667,0.16,0.0933333333333333,0.04
"HM",2010,17.2056,-87.54679,5,0,0,0,0,0,0,0,0.00555555555555556,0,0.427777777777778,0,0,0.0388888888888889,0.0277777777777778,0.15,0.00555555555555556,0,0,0,0,0.00555555555555556,0.00555555555555556,0,0,0.0222222222222222,0,0,0,0,0,0,0.15,0,0.116666666666667,1,0.955555555555555,0.111111111111111,0.616666666666667,0.144444444444444,0.0222222222222222
"HM",2012,17.2056,-87.54679,5,6.66666666666667,0.05,0,0,0.0305555555555556,0,0,0,0,0.633333333333333,0,0,0.3,0.702777777777778,0,0.00277777777777778,0.00555555555555556,0,0.0111111111111111,0,0,0.0111111111111111,0,0,0.0444444444444444,0.0611111111111111,0,0,0,0.00833333333333333,0,0.0277777777777778,0,0.0222222222222222,1,1.91111111111111,0.125,1.01111111111111,0.736111111111111,0.113888888888889
"HM",2013,17.2056,-87.54679,5,6.66666666666667,0,0,0,0,0,0.00277777777777778,0,0.00277777777777778,0.383333333333333,0,0.00277777777777778,0.211111111111111,0.897222222222222,0.119444444444444,0,0,0,0.00277777777777778,0,0,0,0,0,0.0305555555555556,0.0194444444444444,0,0,0.0222222222222222,0,0,0.172222222222222,0,0.0666666666666667,1,1.93333333333333,0.113888888888889,0.769444444444444,0.969444444444444,0.0722222222222222
"MC",2009,16.73703,-87.80536,1.67,0,0,0.00666666666666667,0.00333333333333333,0.0133333333333333,0,0,0,0,0.0333333333333333,0,0,0,0,0,0,0.00333333333333333,0,0.00333333333333333,0,0,0,0,0,0.0266666666666667,0,0,0,0.01,0,0,0.0133333333333333,0,0.00333333333333333,1,0.116666666666667,0.0566666666666667,0.0466666666666667,0.00666666666666667,0.0366666666666667
"MC",2010,16.73703,-87.80536,1.67,0,0,0,0,0,0,0,0.0111111111111111,0,0.0944444444444444,0,0,0,0,0,0,0,0,0.0555555555555556,0,0,0,0,0,0.111111111111111,0,0.0166666666666667,0,0.0166666666666667,0,0,0.161111111111111,0,0.0611111111111111,1,0.527777777777778,0.0944444444444444,0.255555555555556,0.116666666666667,0.127777777777778
"MC",2012,16.73703,-87.80536,1.67,13.3333333333333,0,0.00555555555555556,0,0,0,0,0,0,0.0805555555555555,0,0,0.00277777777777778,0,0,0,0,0,0.0277777777777778,0,0,0,0,0,0.0916666666666667,0.0472222222222222,0.00277777777777778,0,0.0222222222222222,0.00833333333333333,0,0.0111111111111111,0,0.0555555555555556,1,0.355555555555556,0.0833333333333333,0.0944444444444444,0.0833333333333333,0.169444444444444
"MC",2013,16.73703,-87.80536,1.67,0,0,0.00666666666666667,0,0,0,0.00333333333333333,0.00666666666666667,0,0.0866666666666667,0,0,0,0,0.01,0,0,0,0.0533333333333333,0,0,0,0,0.00333333333333333,0.0333333333333333,0,0,0,0.0166666666666667,0,0,0.15,0,0.23,1,0.6,0.0833333333333333,0.236666666666667,0.286666666666667,0.05
"MR",2009,17.98782,-87.90382,2.58,0,0,0.00416666666666667,0,0,0,0,0.00416666666666667,0,0.0291666666666667,0,0,0,0,0,0,0,0,0,0,0,0,0,0,0.01875,0,0.00208333333333333,0,0.00625,0,0,0.0145833333333333,0,0.0145833333333333,1,0.09375,0.0416666666666667,0.04375,0.0145833333333333,0.025
"MR",2012,17.98782,-87.90382,2.58,6.66666666666667,0,0.0166666666666667,0,0.00833333333333333,0,0,0,0,0.0222222222222222,0,0,0,0,0,0,0,0,0.0277777777777778,0,0,0,0,0,0.0972222222222222,0.0194444444444444,0.00555555555555556,0,0.0277777777777778,0.0222222222222222,0,0.00555555555555556,0,0.0166666666666667,1,0.269444444444444,0.075,0.0277777777777778,0.0444444444444444,0.166666666666667
"MR",2013,17.98782,-87.90382,2.58,3.33333333333333,0.00277777777777778,0.0305555555555556,0,0.00277777777777778,0,0,0,0,0.0694444444444444,0.0194444444444444,0,0,0,0,0,0,0,0.025,0.0138888888888889,0,0,0,0,0.0166666666666667,0.0194444444444444,0.00277777777777778,0,0.0333333333333333,0.00277777777777778,0.00277777777777778,0.025,0,0.0416666666666667,1,0.308333333333333,0.102777777777778,0.119444444444444,0.0805555555555556,0.0722222222222222
"NI",2009,16.1123,-88.25586,2.33,0,0,0.00277777777777778,0,0,0,0,0,0.00555555555555556,0.191666666666667,0,0,0.00277777777777778,0.0555555555555556,0,0,0,0,0.00277777777777778,0,0,0,0,0.00277777777777778,0.0111111111111111,0,0,0,0.00277777777777778,0,0,0.0583333333333333,0,0.0111111111111111,1,0.347222222222222,0.0638888888888889,0.252777777777778,0.0694444444444444,0.0138888888888889
"NI",2010,16.1123,-88.25586,2.33,0,0,0.116666666666667,0,0.0222222222222222,0,0.00555555555555556,0.00555555555555556,0,0.177777777777778,0,0,0,0,0,0,0,0,0.1,0,0,0,0,0,0.211111111111111,0,0.0111111111111111,0,0.0777777777777778,0.0333333333333333,0,0.0888888888888889,0,0.0611111111111111,1,0.911111111111111,0.138888888888889,0.266666666666667,0.166666666666667,0.322222222222222
"NI",2012,16.1123,-88.25586,2.33,0,0,0.0138888888888889,0,0.00833333333333333,0,0,0,0,0.0666666666666667,0,0,0.0138888888888889,0.0138888888888889,0,0,0.0111111111111111,0,0.0416666666666667,0.00277777777777778,0,0,0,0.00277777777777778,0.102777777777778,0.0222222222222222,0.00555555555555556,0,0.0527777777777778,0.00833333333333333,0,0.0138888888888889,0,0.0444444444444444,1,0.425,0.125,0.0944444444444444,0.102777777777778,0.186111111111111
"NI",2013,16.1123,-88.25586,2.33,13.3333333333333,0,0,0,0,0,0,0.00555555555555556,0,0.152777777777778,0,0,0,0,0,0,0,0,0.0666666666666667,0.00555555555555556,0,0,0,0,0.0722222222222222,0.00555555555555556,0.00277777777777778,0,0.0194444444444444,0.0111111111111111,0,0.202777777777778,0.00277777777777778,0.0666666666666667,1,0.613888888888889,0.0777777777777778,0.358333333333333,0.138888888888889,0.108333333333333
"PO",2009,16.3731,-88.08913,2.92,0,0,0,0,0,0,0,0.00952380952380952,0,0.0428571428571429,0,0,0,0,0,0,0,0,0.00238095238095238,0,0,0,0,0.00238095238095238,0.00238095238095238,0,0.00238095238095238,0,0.0119047619047619,0,0,0.0238095238095238,0,0.00476190476190476,1,0.102380952380952,0.05,0.0666666666666667,0.00714285714285714,0.0142857142857143
"PO",2010,16.3731,-88.08913,2.92,0,0,0.0777777777777778,0,0.05,0,0.00555555555555556,0.00555555555555556,0.0111111111111111,0.366666666666667,0,0,0,0.155555555555556,0,0,0,0,0.0555555555555556,0,0.00555555555555556,0,0,0,0.122222222222222,0,0.0166666666666667,0,0.0333333333333333,0.0111111111111111,0,0.05,0,0.0277777777777778,1,0.994444444444444,0.166666666666667,0.416666666666667,0.244444444444444,0.166666666666667
"PO",2012,16.3731,-88.08913,2.92,44,0,0.0133333333333333,0,0.00666666666666667,0,0,0,0,0.0633333333333333,0,0,0,0.0766666666666667,0,0,0,0,0.0366666666666667,0,0,0.00333333333333333,0,0,0.0766666666666667,0.0233333333333333,0.01,0,0.0266666666666667,0.00666666666666667,0.00333333333333333,0.00666666666666667,0,0.01,1,0.363333333333333,0.106666666666667,0.0733333333333333,0.123333333333333,0.133333333333333
"PO",2013,16.3731,-88.08913,2.92,20,0,0,0,0.0166666666666667,0.00555555555555556,0.00277777777777778,0.00555555555555556,0,0.0722222222222222,0,0,0.0194444444444444,0.0472222222222222,0,0,0,0,0.0361111111111111,0,0.0111111111111111,0,0,0,0.225,0.0305555555555556,0,0.0222222222222222,0.025,0.0138888888888889,0,0.108333333333333,0,0.0555555555555556,1,0.697222222222222,0.119444444444444,0.2,0.141666666666667,0.316666666666667
"RA",2009,16.28501,-88.15031,2.83,0,0,0.01875,0,0.00416666666666667,0,0,0.00416666666666667,0,0.410416666666667,0,0,0,0.185416666666667,0,0,0.00416666666666667,0,0.00625,0,0,0,0,0.00208333333333333,0.0229166666666667,0,0,0.00208333333333333,0.0145833333333333,0.00416666666666667,0,0.0125,0,0.00833333333333333,1,0.7,0.0791666666666667,0.422916666666667,0.2,0.04375
"RA",2010,16.28501,-88.15031,2.83,0,0,0.0111111111111111,0,0.00555555555555556,0,0,0.00555555555555556,0,0.127777777777778,0,0,0,0.0666666666666667,0,0,0,0,0.0555555555555556,0,0,0,0,0,0.0333333333333333,0,0.00555555555555556,0,0.0611111111111111,0,0,0.133333333333333,0,0.0166666666666667,1,0.522222222222222,0.111111111111111,0.261111111111111,0.138888888888889,0.0944444444444444
"RA",2012,16.28501,-88.15031,2.83,32,0,0.0133333333333333,0,0.0133333333333333,0,0,0.00666666666666667,0,0.0633333333333333,0,0,0,0.0133333333333333,0,0,0,0,0.0433333333333333,0,0,0,0.00333333333333333,0,0.12,0.00333333333333333,0.00333333333333333,0,0.05,0.0133333333333333,0,0.02,0,0.01,1,0.376666666666667,0.116666666666667,0.0833333333333333,0.0666666666666667,0.186666666666667
"RA",2013,16.28501,-88.15031,2.83,44,0,0,0,0.03,0,0,0.00333333333333333,0.00333333333333333,0.1,0,0,0.00333333333333333,0.0266666666666667,0,0,0,0,0.0633333333333333,0,0,0,0,0,0.106666666666667,0.0166666666666667,0.00333333333333333,0.0233333333333333,0.04,0.01,0,0.113333333333333,0,0.05,1,0.593333333333333,0.13,0.216666666666667,0.14,0.196666666666667
"SM",2009,16.72875,-87.82867,2,0,0,0.00555555555555556,0,0.00555555555555556,0,0,0,0,0.0277777777777778,0,0,0,0,0,0,0,0,0.00555555555555556,0,0,0,0,0.00277777777777778,0.0222222222222222,0,0,0,0.00555555555555556,0,0,0,0,0.00555555555555556,1,0.0805555555555556,0.05,0.0277777777777778,0.0111111111111111,0.0277777777777778
"SM",2010,16.72875,-87.82867,2,6.66666666666667,0,0.0166666666666667,0,0,0,0,0,0,0.0833333333333333,0,0,0,0,0.0166666666666667,0,0,0,0.138888888888889,0,0,0,0,0,0.0388888888888889,0,0.0444444444444444,0,0.0277777777777778,0.0166666666666667,0,0.133333333333333,0,0.111111111111111,1,0.627777777777778,0.127777777777778,0.216666666666667,0.25,0.0833333333333333
"SM",2012,16.72875,-87.82867,2,6.66666666666667,0,0.0111111111111111,0,0.0361111111111111,0,0.00555555555555556,0,0,0.0805555555555555,0,0,0,0.0194444444444444,0,0,0,0,0.0833333333333333,0,0,0,0,0,0.127777777777778,0.0277777777777778,0.0194444444444444,0,0.0416666666666667,0.00277777777777778,0,0.00277777777777778,0,0.0638888888888889,1,0.522222222222222,0.119444444444444,0.0833333333333333,0.172222222222222,0.2
"SM",2013,16.72875,-87.82867,2,10,0,0.0277777777777778,0,0.00555555555555556,0,0,0.00277777777777778,0,0.102777777777778,0,0,0,0,0.0138888888888889,0,0,0,0.0888888888888889,0.0111111111111111,0,0,0,0,0.130555555555556,0,0.0111111111111111,0,0.0444444444444444,0.00277777777777778,0,0.188888888888889,0,0.163888888888889,1,0.794444444444444,0.130555555555556,0.291666666666667,0.263888888888889,0.177777777777778
"ST",2010,16.11247,-88.27107,2.33,0,0,0.0166666666666667,0,0.0111111111111111,0,0.00555555555555556,0,0,0.05,0,0,0,0,0,0,0,0,0.0777777777777778,0,0.0333333333333333,0,0,0,0.0388888888888889,0,0.0166666666666667,0,0,0,0,0.138888888888889,0,0.0944444444444444,1,0.483333333333333,0.1,0.188888888888889,0.177777777777778,0.0388888888888889
"ST",2012,16.11247,-88.27107,2.33,10,0,0.0138888888888889,0,0,0,0,0,0,0.0861111111111111,0,0,0,0.00277777777777778,0,0,0,0,0.025,0,0,0,0,0,0.0972222222222222,0.0138888888888889,0.00555555555555556,0,0.0305555555555556,0.0111111111111111,0,0.0472222222222222,0,0.1,1,0.433333333333333,0.108333333333333,0.133333333333333,0.127777777777778,0.152777777777778
"ST",2013,16.11247,-88.27107,2.33,0,0,0,0,0,0,0,0,0,0.0972222222222222,0,0,0,0,0,0,0,0,0.1,0.00277777777777778,0.00277777777777778,0,0,0,0.0527777777777778,0.00277777777777778,0.0194444444444444,0.00277777777777778,0.025,0,0,0.241666666666667,0,0.247222222222222,1,0.794444444444444,0.0944444444444444,0.338888888888889,0.35,0.0833333333333333
"SW",2009,16.81346,-88.07756,2.08,0,0,0.00208333333333333,0,0,0,0,0,0,0.09375,0,0,0,0,0,0,0,0,0,0,0,0,0,0,0.0395833333333333,0,0,0,0.00208333333333333,0,0,0.0104166666666667,0,0.00833333333333333,1,0.15625,0.0416666666666667,0.104166666666667,0.00833333333333333,0.0416666666666667
"SW",2010,16.81346,-88.07756,2.08,0,0,0.0166666666666667,0,0.00416666666666667,0,0,0,0,0.0958333333333333,0,0,0,0.416666666666667,0,0,0,0,0.120833333333333,0,0,0,0,0,0.2625,0,0,0,0.0458333333333333,0.00416666666666667,0,0.0708333333333333,0,0.120833333333333,1,1.15833333333333,0.1125,0.166666666666667,0.658333333333333,0.3125
"SW",2012,16.81346,-88.07756,2.08,13.3333333333333,0,0.0111111111111111,0,0,0.00555555555555556,0,0,0,0.0777777777777778,0,0,0,0.525,0,0,0.00277777777777778,0,0.0222222222222222,0,0,0.00555555555555556,0,0,0.108333333333333,0.0138888888888889,0.00277777777777778,0,0.025,0.00555555555555556,0,0.0333333333333333,0,0.0444444444444444,1,0.883333333333333,0.111111111111111,0.111111111111111,0.591666666666667,0.152777777777778
"SW",2013,16.81346,-88.07756,2.08,6.66666666666667,0,0.0305555555555556,0,0.0277777777777778,0,0.00277777777777778,0,0,0.0833333333333333,0,0,0,0.0194444444444444,0,0,0,0,0.119444444444444,0.00277777777777778,0,0,0,0,0.255555555555556,0.0333333333333333,0.0138888888888889,0.00833333333333333,0.0222222222222222,0.00277777777777778,0,0.075,0,0.0361111111111111,1,0.733333333333333,0.122222222222222,0.158333333333333,0.180555555555556,0.322222222222222
"TB",2009,17.91056,-87.95083,2.75,0,0,0.00277777777777778,0,0.00555555555555556,0,0,0,0,0.0611111111111111,0,0,0,0.00555555555555556,0,0,0,0,0,0,0,0,0,0,0.0222222222222222,0,0,0,0.0138888888888889,0.00277777777777778,0,0.0222222222222222,0,0.0138888888888889,1,0.15,0.0666666666666667,0.0833333333333333,0.0194444444444444,0.0388888888888889
"TB",2010,17.91056,-87.95083,2.75,0,0,0.0722222222222222,0,0.0111111111111111,0,0,0,0.00555555555555556,0.05,0,0,0,0,0,0,0.0222222222222222,0.0166666666666667,0.0611111111111111,0,0,0,0.00555555555555556,0,0.0444444444444444,0.00555555555555556,0.0166666666666667,0,0.0333333333333333,0,0,0.00555555555555556,0,0.0555555555555556,1,0.405555555555556,0.15,0.0555555555555556,0.133333333333333,0.0833333333333333
"TB",2012,17.91056,-87.95083,2.75,3.33333333333333,0,0.025,0,0.00833333333333333,0,0,0,0,0.025,0,0,0,0.00833333333333333,0,0,0.00277777777777778,0,0.0222222222222222,0,0,0,0,0,0.0444444444444444,0.0194444444444444,0.00277777777777778,0,0.0388888888888889,0.0388888888888889,0,0.00277777777777778,0,0.05,1,0.288888888888889,0.0944444444444444,0.0277777777777778,0.0805555555555555,0.141666666666667
"TB",2013,17.91056,-87.95083,2.75,0,0,0.00277777777777778,0.00277777777777778,0,0,0,0,0,0.0611111111111111,0.0166666666666667,0,0,0.00277777777777778,0,0,0,0,0.00833333333333333,0.00833333333333333,0,0,0,0.00277777777777778,0.0527777777777778,0.00833333333333333,0.00555555555555556,0,0.025,0,0,0.00833333333333333,0,0.0111111111111111,1,0.216666666666667,0.0722222222222222,0.0861111111111111,0.0305555555555556,0.0861111111111111
"TO",2009,16.91911,-88.04757,2.08,0,0,0,0,0,0,0,0.00208333333333333,0,0.0291666666666667,0,0,0,0.0208333333333333,0,0,0,0,0.00208333333333333,0,0,0,0,0,0.0291666666666667,0,0.00625,0,0.01875,0,0,0.0166666666666667,0,0.00625,1,0.13125,0.05625,0.0458333333333333,0.0291666666666667,0.0479166666666667
"TO",2010,16.91911,-88.04757,2.08,0,0,0,0,0,0,0,0,0,0.1,0,0,0,0,0.0222222222222222,0,0,0,0.138888888888889,0,0,0,0,0,0.194444444444444,0,0.0111111111111111,0,0.0277777777777778,0,0,0.133333333333333,0,0.0444444444444444,1,0.672222222222222,0.0888888888888889,0.233333333333333,0.183333333333333,0.222222222222222
"TO",2012,16.91911,-88.04757,2.08,6.66666666666667,0,0.0166666666666667,0.00277777777777778,0.00277777777777778,0,0,0.00277777777777778,0,0.0166666666666667,0,0,0,0,0,0,0,0,0.0555555555555556,0.00277777777777778,0,0,0,0,0.225,0.0472222222222222,0.00833333333333333,0,0.0472222222222222,0.00555555555555556,0,0.00833333333333333,0,0.0583333333333333,1,0.5,0.116666666666667,0.025,0.116666666666667,0.325
